Brand,Model,Features
Maruti Suzuki,XL6,Alpha Plus AT Petrol [2022-2023]
Hyundai,Aura,SX 1.2 CNG
Maruti Suzuki,XL6,Alpha AT Petrol
Maruti Suzuki,Grand Vitara,Zeta Smart Hybrid AT [2023-2025]
Maruti Suzuki,Baleno,Zeta 1.2 AT
Maruti Suzuki,XL6,Zeta MT Petrol
Maruti Suzuki,Ertiga,VXi (O) [2023-2025]
Toyota,Fortuner,4x2 2WD Diesel 2.8L Turbo 6 Speed Manual
Maruti Suzuki,Ertiga,VXI AT
Renault,Duster,RXS CVT
Mahindra,XUV700,AX7 Luxury Pack 2WD Petrol 2.0L Turbo Automatic 7 STR
Maruti Suzuki,DZire,ZXi AGS
Tata,Nexon,XMA Petrol
Skoda,Kodiaq,Style 2.0 TDI 4x4 AT
Maruti Suzuki,XL6,Alpha MT Petrol
Tata,Nexon,XZ Plus
Tata,Safari,XT Plus
Maruti Suzuki,Swift,VXi AMT
Renault,Duster,RXS Opt CVT
Maruti Suzuki,Ertiga,VXi (O) [2023-2025]
Tata,Tiago,Revotron XM [2016-2019]
Mahindra,Thar,LX Convertible Top Petrol AT 4WD
Maruti Suzuki,Ertiga,VXi
Maruti Suzuki,Ertiga,ZXi Plus
Maruti Suzuki,XL6,Zeta MT Petrol
Maruti Suzuki,Baleno,Alpha Automatic
Jeep,Compass,Limited 1.4 Petrol AT [2017-2020]
Maruti Suzuki,XL6,Zeta MT Petrol
MG,Hector,Sharp 2.0 Diesel Turbo MT
Maruti Suzuki,Baleno,Zeta
Maruti Suzuki,Baleno,Delta 1.2 AT
Maruti Suzuki,Baleno,Zeta 1.2
Maruti Suzuki,Baleno,Delta 1.2 AT
BMW,X1,sDrive20d xLine
Maruti Suzuki,XL6,Alpha AT Petrol
Skoda,Kushaq,Ambition 1.0L TSI AT
Maruti Suzuki,Ertiga,ZXi Plus
Mahindra,XUV500,W11 (O) AWD AT
Mahindra,Thar,LX Hard Top Petrol AT RWD
Maruti Suzuki,Swift,VXi AMT
Skoda,Kodiaq,L&K 4X4 [2022]
Mercedes-Benz,GLC,220 d Progressive
Maruti Suzuki,Vitara Brezza,ZDi AGS
Maruti Suzuki,XL6,Zeta MT Petrol
Maruti Suzuki,S-Cross,Delta 1.3
Skoda,Rapid,Ultima Elegance 1.6 MPI AT
Jeep,Compass,Limited (O) 1.4 Petrol AT [2017-2020]
Mahindra,XUV700,AX 7 Diesel AT 7 STR [2021]
Maruti Suzuki,Ertiga,ZDI + SHVS
Tata,Safari,Accomplished Plus Dual Tone AT 7 STR
Maruti Suzuki,Ciaz,Alpha 1.4 AT
Skoda,Kodiaq,Style 2.0 TDI 4x4 AT
MG,Hector,Sharp 1.5 DCT Petrol [2019-2020]
Hyundai,Aura,S 1.2 CNG
Toyota,Fortuner,4X2 AT 2.8 Diesel
Maruti Suzuki,Grand Vitara,Alpha Plus Intelligent Hybrid e-CVT
Maruti Suzuki,Vitara Brezza,ZDi AGS
Hyundai,Alcazar,Signature (O) 7 Seater 1.5 Diesel AT
Toyota,Innova Hycross,VX Hybrid (Electric + Petrol) Automatic (e-CVT) 7 STR
Tata,Safari,XZA
BMW,3 Series,GT 320d Luxury Line
Tata,Safari,Accomplished Plus 6 STR Dark Edition AT
Jeep,Compass,Longitude (O) 1.4 Petrol AT
Maruti Suzuki,Ciaz,Zeta 1.4 AT
Skoda,Slavia,Style 1.5L TSI DSG
Tata,Nexon,EV XZ Plus Dark Edition
Mahindra,XUV500,W10
Honda,Civic,ZX CVT Petrol [2019-2020]
Tata,Tiago,Revotron XZ
Maruti Suzuki,Celerio,X Zxi [2017-2019]
Toyota,Innova Crysta,VX 2.4 8 STR
Mahindra,XUV700,AX7 Luxury Pack 2WD Diesel 2.2L Turbo Automatic 7 STR
Mahindra,Thar,Roxx AX7 L Diesel AT 4WD
Kia,Carnival,Limousine Plus 7 STR
Toyota,Camry,Hybrid
Hyundai,Venue,SX Plus 1.0 Turbo DCT
Maruti Suzuki,Baleno,Alpha 1.2
Kia,Sonet,GTX Plus 1.0 DCT Dual Tone
Hyundai,Creta,SX Plus 1.6 AT Petrol
Kia,Seltos,HTK Plus AT 1.5 Diesel [2020-2021]
Hyundai,Grand i10,Asta AT 1.2 Kappa VTVT [2013-2016]
Toyota,Innova Crysta,2.4 ZX AT 7 STR
Hyundai,Elantra,SX (O) 2.0 AT
Hyundai,Elite i20,Sportz 1.4 CRDi
Maruti Suzuki,Ignis,Delta 1.2 AMT
Tata,Harrier,XTA Plus Dark Edition
Tata,Punch,Creative Dual Tone AMT [2022-2023]
Jeep,Compass,Longitude (O) 2.0 Diesel [2017-2020]
Tata,Harrier,XTA Plus
Hyundai,Creta,E 1.5 Petrol
Skoda,Octavia,1.8 TSI Style Plus AT [2017]
Hyundai,Grand i10,Sportz 1.2 Kappa VTVT [2016-2017]
Honda,City,V Petrol MT [2023-2025]
Honda,City,V Petrol
Toyota,Fortuner,4x2 2WD Diesel 2.8L Turbo Automatic
Mahindra,XUV500,W11 AT
Hyundai,Venue,SX Plus 1.0 Turbo DCT
Hyundai,Creta,SX Plus 1.6 AT Petrol
Hyundai,Tucson,GL 2WD AT Petrol
Mahindra,XUV500,W7 [2018-2020]
Jeep,Compass,Limited Plus Petrol AT [2018-2020]
Tata,Harrier,XZA
Skoda,Octavia,1.8 TSI L&K
Hyundai,Creta,E Plus 1.6 Petrol
Kia,Carnival,Limousine Plus 7 STR
Toyota,Etios,Liva G
Volkswagen,Tiguan,Highline TDI
Honda,City,VX Petrol
Maruti Suzuki,Swift,VXi AMT
Skoda,Kodiaq,Style 2.0 TDI 4x4 AT
Hyundai,Creta,1.6 SX Plus AT Petrol
MG,Astor,Savvy 1.5 CVT Ivory [2023-2024]
Hyundai,Elite i20,Sportz 1.2 IVT [2020-2023]
MG,Astor,Savvy 1.3 Turbo AT S Red [2021-2023]
Hyundai,Creta,SX (O) 1.4 Turbo 7 DCT [2020-2022]
BMW,3-Series,330i M Sport Edition
Maruti Suzuki,Baleno,Alpha AGS [2022-2023]
Kia,Seltos,GTX Plus 1.5 Diesel AT
Volvo,XC90,T8 Inscription
Kia,Seltos,GTX Plus AT 1.4 [2019-2020]
Hyundai,Creta,SX Plus 1.6 AT Petrol
Kia,Carnival,Limousine Plus 7 STR
Toyota,Fortuner,2.8 4x4 AT
Hyundai,Tucson,GLS 2WD AT Petrol
MG,Hector,Sharp 1.5 Petrol CVT
Skoda,Slavia,Style 1.0L TSI AT
Maruti Suzuki,Celerio,ZXi (O) AMT [2019-2020]
Tata,Safari,XZA Plus
Honda,WR-V,VX MT Diesel
Toyota,Corolla Altis,VL AT Petrol
Renault,Triber,RXT [2019-2020]
Hyundai,Venue,SX 1.4 CRDi
Maruti Suzuki,Wagon R,ZXi 1.2
Kia,Sonet,HTK Plus 1.2 [2020-2021]
Kia,Seltos,GTX Plus 1.5 Diesel AT
Skoda,Octavia,1.8 TSI L&K
Kia,Seltos,GTX Plus 1.4 DCT
Hyundai,Grand i10,Sportz 1.2 Kappa VTVT [2016-2017]
Skoda,Octavia,1.8 TSI L&K
Hyundai,Creta,SX 1.6 AT Petrol
Jeep,Compass,Model S (O) Diesel 4x4 AT
Maruti Suzuki,Vitara Brezza,VDi
Kia,Sonet,GTX Plus 1.5 AT [2020-2021]
Tata,Tiago,Revotorq XE [2016-2019]
Jeep,Compass,Limited 1.4 Petrol AT [2017-2020]
Kia,Carnival,Limousine Plus 7 STR
Kia,Seltos,HTX 1.5 IVT
Honda,Amaze,1.2 S i-VTEC
Hyundai,Creta,1.6 SX Plus AT Petrol
Hyundai,Creta,SX 1.6 AT Petrol
Honda,City,VX CVT Petrol
Hyundai,Elantra,2.0 SX AT
Renault,Kiger,RXT (O) Turbo CVT
Maruti Suzuki,Ciaz,Zeta 1.4 AT
Tata,Altroz,XZA Plus Petrol [2022-2023]
Hyundai,Venue,S 1.2 Petrol
Honda,City,V CVT Petrol [2017-2019]
Volkswagen,Vento,Highline Petrol
Hyundai,Elite i20,Sportz 1.2 IVT [2020-2023]
Mahindra,XUV300,1.2 W4 [2019-2019]
Maruti Suzuki,Celerio,VXi CNG [2019-2020]
Mahindra,XUV500,W7 [2018-2020]
MG,Hector,Smart 1.5 DCT Petrol [2019-2020]
Skoda,Kodiaq,Sportline [2022]
Hyundai,Creta,SX (O) 1.5 Petrol CVT
Skoda,Octavia,L&K 2.0
Maruti Suzuki,DZire,ZDi
Volkswagen,Virtus,Topline 1.0 TSI AT
Tata,Harrier,XZA Plus Dual Tone
Volkswagen,Polo,GT TSI
Honda,Jazz,VX Petrol
Volkswagen,Polo,GT TSI
Honda,City,V CVT Petrol [2017-2019]
Skoda,Kushaq,Style 1.0L TSI AT
Hyundai,Creta,SX (O) 1.5 Petrol CVT
Audi,A6,35 TDI Matrix
Hyundai,Elite i20,Asta 1.2 MT [2023-2025]
Kia,Sonet,GTX Plus 1.5 Diesel iMT
Hyundai,Venue,SX 1.4 CRDi
Maruti Suzuki,Ciaz,Alpha Hybrid 1.5 AT [2018-2020]
Skoda,Rapid,Active 1.0 TSI AT
Tata,Nexon,XZA Plus (Premium) Jet
Hyundai,Venue,SX Plus 1.0 Turbo DCT
Toyota,Glanza,V Petrol Manual
Maruti Suzuki,Ertiga,Vxi CNG
Hyundai,Elite i20,Asta 1.2 AT
Tata,Altroz,XZA Plus Petrol [2022-2023]
Honda,BR-V,V Petrol
Toyota,Innova Crysta,2.4 VX 8 STR [2016-2020]
Honda,City,V
Skoda,Slavia,Ambition 1.0L TSI MT
Hyundai,Elite i20,Asta 1.2 (O) [2016]
Hyundai,Elite i20,Sportz 1.2 MT [2020-2023]
Mahindra,XUV300,W8 (O) 1.5 Diesel AMT
Maruti Suzuki,Celerio,ZXi (O) AMT [2019-2020]
Maruti Suzuki,Celerio,X Zxi AMT [2017-2019]
BMW,5-Series,520d Luxury Line
Mahindra,XUV500,W8
Hyundai,i10,Magna 1.2 Kappa2
Mercedes-Benz,S-Class,S 350D [2018-2020]
Volkswagen,Vento,TSI
Maruti Suzuki,Wagon R,VXI
Maruti Suzuki,Wagon R,VXI+
Maruti Suzuki,Baleno,Delta 1.2
Toyota,Corolla Altis,G AT Petrol
Kia,Carnival,Limousine 7 STR
Land Rover,Range Rover Velar,HSE Dynamic 2.0 Petrol
Hyundai,Creta,SX (O) 1.5 Turbo DCT Dual Tone
Tata,Nexon,Fearless Plus (S) 1.5 Diesel 6AMT Dual Tone [2023-2025]
Mercedes-Benz,V-Class,Expression ELWB [2019-2020]
Hyundai,Elite i20,Asta 1.2
Mercedes-Benz,E-Class,E200 [2024-2025]
Hyundai,Venue,SX Plus 1.0 Turbo DCT
Tata,Nexon,EV XZ Plus
BMW,3-Series,320d
Land Rover,Range Rover Velar,S R-Dynamic 2.0 Petrol
Volvo,XC60,B5 Ultimate
Land Rover,Range Rover Velar,2.0 R-Dynamic S Petrol 250 [2017-2020]
Mercedes-Benz,CLA,200 CDI Sport
Toyota,Camry,2.5L AT
Hyundai,Grand i10,Sports Edition 1.2L Kappa VTVT
Mahindra,Marazzo,M4 7 STR
Maruti Suzuki,Swift Dzire,VDI
Skoda,Superb,L&K TSI AT
Jeep,Compass,Limited 1.4 Petrol AT [2017-2020]
Toyota,Innova Crysta,2.4 VX 8 STR [2016-2020]
BMW,5-Series,520d Sedan
Hyundai,Creta,1.6 SX Plus AT
Tata,Tiago,XZA Plus [2020-2023]
Tata,Tigor,Revotron XTA
Mahindra,Thar,LX Hard Top Diesel AT 4WD [2023]
Tata,Safari,XZA Plus
Maruti Suzuki,XL6,Alpha AT Petrol
Hyundai,Venue,SX (O) 1.0 Turbo DCT
Mercedes-Benz,GLC,300 Progressive
Skoda,Slavia,Style 1.0L TSI AT
Hyundai,Creta,SX 1.6 Petrol
Tata,Nexon,XZ
Mahindra,Thar,LX Hard Top Diesel MT
Hyundai,Creta,SX 1.6 Petrol
Honda,Jazz,ZX CVT
Hyundai,Creta,SX 1.5 Petrol Executive
Skoda,Slavia,Style 1.5L TSI DSG
Maruti Suzuki,DZire,VXi
Tata,Harrier,XTA Plus
Tata,Altroz,XM Plus (S)
Honda,WR-V,VX MT Petrol
Kia,Seltos,HTX IVT 1.5 [2019-2020]
Hyundai,Creta,S Plus 1.5 Petrol Knight
Maruti Suzuki,DZire,ZXi AGS
Tata,Harrier,XZA Plus
Kia,Seltos,HTK Plus 1.5 [2019-2020]
Hyundai,Verna,EX 1.4 VTVT
Honda,City,VX CVT
Kia,Seltos,HTK Plus 1.5 Diesel AT
Hyundai,Creta,S 1.5 Petrol [2020-2022]
Hyundai,Verna,SX (O)1.6 VTVT
Tata,Punch,Adventure AMT [2021-2023]
Ford,Ecosport,Titanium 1.5L TDCi
Maruti Suzuki,Baleno,Delta 1.2 AT
Mercedes-Benz,S-Class,S 350 CDI Connoisseurs Edition
Mercedes-Benz,GLC,220d 4MATIC
Mercedes-Benz,GLE,300d 4MATIC LWB [2020-2023]
Mercedes-Benz,CLA,200 Petrol Sport
Porsche,Macan,Base [2021-2023]
Mercedes-Benz,CLA,200 Petrol Sport
Mercedes-Benz,CLA,200 Petrol Sport
Mercedes-Benz,S-Class,S 350d
Mercedes-Benz,GLC,220d 4MATIC Progressive
Mercedes-Benz,GLA,200 d Sport
Lexus,LM,350h 4 STR Ultra Luxury
Mercedes-Benz,S-Class,Maybach S 560
Mercedes-Benz,GLA,200d Urban Edition
Mercedes-Benz,S-Class,S 350d
Toyota,Innova Crysta,2.4 VX 7 STR [2016-2020]
Honda,BR-V,S Petrol
Ford,Ecosport,Titanium 1.5L Ti-VCT
Toyota,Innova Crysta,2.4 Z 7 STR
Hyundai,Elite i20,Sportz 1.2 (O)
Skoda,Octavia,Ambition 2.0 TDI AT
Hyundai,Grand i10,Asta AT 1.2 Kappa VTVT [2013-2016]
Mahindra,Thar,LX Hard Top Diesel AT 4WD [2023]
Maruti Suzuki,Alto 800,Vxi
BYD,Atto,3 Superior [2024-2025]
Mercedes-Benz,GLC,220d 4MATIC Progressive
Tata,Nexon,XZ Plus Diesel
Maruti Suzuki,Alto 800,Lxi (Airbag) [2012-2015]
Kia,Carnival,Limousine 7 STR
Mahindra,XUV500,W5 [2018-2020]
BMW,5-Series,530d M Sport [2017-2019]
Hyundai,Elite i20,Asta 1.2 (O) [2016]
Maruti Suzuki,Ciaz,Delta 1.4 MT
Maruti Suzuki,DZire,ZXi Plus
Toyota,Prado,VX L
Ford,Ecosport,Titanium 1.0 Ecoboost
Mercedes-Benz,GLA,200 d Sport
Mercedes-Benz,GLS,350 d
Maruti Suzuki,Ertiga,ZXi
Hyundai,Grand i10 Nios,Sportz AMT 1.2 Kappa VTVT
Kia,Seltos,GTX Plus 1.5 Diesel AT
Tata,Nexon,XMA
Tata,Nexon,XZA Plus (O) Diesel
Hyundai,Venue,SX 1.0 Turbo
Volkswagen,Tiguan,Highline TDI
BMW,3 Series,GT 320d Luxury Line [2014-2016]
Kia,Seltos,GTX Plus 1.5 Turbo Petrol DCT [2023-2024]
Renault,Triber,RXT
Volkswagen,Polo,GT
Maruti Suzuki,Ciaz,Alpha 1.4 AT
Hyundai,Venue,SX (O) 1.0 Turbo iMT
Hyundai,Venue,S 1.2 Petrol [2023]
Tata,Nexon,XZA Plus (S) [2022-2023]
Kia,Sonet,HTX 1.0 iMT [2020-2021]
Hyundai,Creta,SX Plus 1.6 Petrol
Tata,Nexon,XZA Plus (O)
Tata,Harrier,XZA Plus Dual Tone
Hyundai,Creta,1.6 SX Plus AT Petrol
Tata,Nexon,XZA Plus (S) Dual tone
Maruti Suzuki,Alto 800,Lxi (Airbag) [2012-2015]
Ford,Ecosport,Titanium + 1.5L Ti-VCT AT
Hyundai,Verna,SX (O) 1.5 Turbo Petrol MT
Jeep,Compass,80 Anniversary 1.4 Petrol DCT
Tata,Harrier,Kaziranga XZA Plus
Volkswagen,Polo,Highline1.5L (D)
Maruti Suzuki,Swift,VXi
Hyundai,Santro,Sportz
Hyundai,Venue,SX 1.2 Petrol
Maruti Suzuki,Alto 800,Lxi (Airbag) [2012-2015]
MG,Hector,Sharp 1.5 DCT Petrol [2019-2020]
Tata,Nexon,XM
Tata,Punch,Creative AMT [2021-2023]
Tata,Nexon,XM (S) [2020-2023]
Maruti Suzuki,Alto 800,Lxi (Airbag) [2012-2015]
Maruti Suzuki,DZire,VXi AMT
Skoda,Slavia,Style 1.0L TSI AT
Skoda,Slavia,Ambition 1.0L TSI AT
Tata,Nexon,XZA Plus [2020-2023]
Skoda,Slavia,Monte Carlo 1.5L TSI DSG
Hyundai,Creta,SX Plus 1.6 Petrol
Maruti Suzuki,Alto 800,Vxi
Hyundai,Grand i10 Nios,Sportz 1.2 Kappa VTVT CNG
Kia,Sonet,HTX 1.0 iMT [2020-2021]
Skoda,Slavia,Style 1.0L TSI MT
Maruti Suzuki,Wagon R,LXi 1.0 CNG [2019-2020]
Hyundai,Grand i10 Nios,Sportz 1.2 Kappa CNG
Hyundai,Grand i10 Nios,Sportz 1.2 Kappa VTVT CNG
Hyundai,Grand i10 Nios,Sportz 1.2 Kappa VTVT CNG
Hyundai,Venue,SX Plus 1.0 Turbo DCT
Hyundai,Venue,SX Plus 1.0 Turbo DCT
Maruti Suzuki,Swift,VXi
Renault,Kiger,RXZ 1.0 Turbo MT
Renault,Kiger,RXZ Turbo CVT
Kia,Sonet,HTX 1.5 [2020-2021]
Maruti Suzuki,Alto 800,LXi
Tata,Altroz,XZ Plus i-Turbo Petrol
Tata,Altroz,XE Petrol [2020-2023]
Tata,Punch,Creative Dual Tone [2022-2023]
Mercedes-Benz,GLE,Coupe 43 4MATIC [2017-2019]
Land Rover,Discovery Sport,HSE Luxury 7-Seater
Jaguar,F-Pace,S R-Dynamic 2.0 Diesel [2021-2023]
Land Rover,Range Rover Velar,S R-Dynamic 2.0 Diesel
Land Rover,Discovery Sport,SE R-Dynamic
Land Rover,Discovery Sport,HSE Luxury 7-Seater
Land Rover,Range Rover Sport,SDV6 S
Mini,Cooper,S
Honda,WR-V,VX MT Petrol
Mercedes-Benz,E-Class,E 200
Land Rover,Range Rover,SV 4.4 Petrol LWB
Toyota,Land Cruiser,LC 200 VX
Toyota,Innova Crysta,2.4 Z 7 STR
Toyota,Fortuner,3.0 4x2 AT
Maruti Suzuki,Grand Vitara,Zeta Plus Intelligent Hybrid eCVT [2022-2023]
Hyundai,Alcazar,Platinum (O) 7 Seater 1.5 Diesel AT
BMW,7-Series,740i M Sport
Kia,Sonet,GTX Plus 1.5 Diesel AT
Mercedes-Benz,GLA,200 d Style
Audi,Q3,30 TFSI Premium
Mercedes-Benz,GLC,220d 4MATIC Progressive
Kia,Carnival,Prestige 9 STR
BMW,X1,sDrive20i xLine
BMW,5-Series,523i Sedan
Honda,City,1.5 S AT
Audi,A6,2.0 TDI Technology Pack
Lexus,NX,300h Luxury [2017-2020]
Mercedes-Benz,B-class,B180 CDI
Hyundai,Elite i20,Magna 1.4 AT [2016-2017]
Mercedes-Benz,C-Class,C 200 Avantgarde
Jaguar,XF,2.2 Diesel Luxury
Jaguar,XE,Prestige Diesel
Toyota,Glanza,G
Volkswagen,Tiguan,AllSpace 2.0 TSI
Mercedes-Benz,C-Class,C 200 Avantgarde
Mercedes-Benz,GLE,250 d
Honda,City,V Diesel
Honda,Accord,2.4 AT
Hyundai,Verna,Fluidic 1.6 VTVT SX
Hyundai,Grand i10 Nios,Sportz 1.2 Kappa VTVT CNG
Toyota,Urban Cruiser,Mid Grade AT
Hyundai,i20,Asta 1.2
Land Rover,Discovery Sport,SE R-Dynamic Petrol
Tata,Tiago,Revotron XT [2016-2019]
Mercedes-Benz,S-Class,S 350d
Kia,Sonet,HTX 1.0 iMT [2020-2021]
Jaguar,F-Pace,S R-Dynamic 2.0 Diesel [2021-2023]
Tata,Nexon,EV XZ Plus LUX
Land Rover,Range Rover Evoque,SE R-Dynamic Diesel
Nissan,Kicks,XV Premium Turbo 1.3
Maruti Suzuki,S-Cross,Delta 1.3
BMW,7-Series,730d Sedan
Jaguar,F-Pace,Prestige
Land Rover,Discovery Sport,SE R-Dynamic
Toyota,Innova Crysta,G 2.4 7 STR
BMW,7-Series,730Ld
Audi,Q3,30 TFSI Premium
Volvo,XC60,Inscription [2017-2020]
Mercedes-Benz,GLE,Coupe 43 4MATIC [2017-2019]
Land Rover,Range Rover Velar,HSE Dynamic 2.0 Diesel
Tata,Nexon,XMA Petrol
Tata,Tiago,XZ Plus [2020-2023]
Hyundai,i10,Sportz 1.2 AT Kappa2
Toyota,Innova Crysta,2.8 GX AT 7 STR [2016-2020]
Mini,Cooper,D 3 Door
BMW,3-Series,320d Luxury Line
Land Rover,Discovery Sport,SE R-Dynamic Petrol
Hyundai,Elite i20,Asta 1.2 CVT
Honda,City,VX CVT
Honda,City,V
Tata,Altroz,XZ Plus i-Turbo Petrol Dark Edition [2021-2023]
Mini,Cooper,1.6
BMW,7-Series,730Ld Sedan
Volkswagen,Ameo,Highline1.2L (P) [2016-2018]
Audi,Q3,30 TDI Premium FWD
Toyota,Innova,Hyrcross VX (O) Hybrid 7 STR
Mercedes-Benz,GLS,350 d
Mahindra,XUV500,W10
BMW,X1,sDrive20d xLine
Skoda,Superb,L&K TSI AT
Volkswagen,Polo,GT TSI
Maruti Suzuki,Vitara Brezza,ZDi
Volkswagen,Polo,Comfortline 1.2L (P)
Toyota,Innova Crysta,2.4 V Diesel
Tata,Safari,XZA Plus
Mercedes-Benz,GLE,250 d
Hyundai,Elite i20,Asta 1.2
Isuzu,MU-X,4x2
Maruti Suzuki,Celerio,ZXi AMT ABS
Hyundai,Verna,E 1.4 VTVT
Maruti Suzuki,Wagon R,VXi
Maruti Suzuki,Wagon R,VXi
Maruti Suzuki,Baleno,Zeta Automatic
Mercedes-Benz,GLE,300d 4MATIC LWB [2020-2023]
BMW,5-Series,525i Sedan
Ford,Ecosport,Titanium 1.5L TDCi
Hyundai,Elite i20,Sportz 1.2 (O)
Volkswagen,Vento,Comfortline Diesel AT
Tata,Tiago,XZ Plus CNG [2022-2023]
Ford,Ecosport,Titanium 1.5 Ti-VCT AT
Mercedes-Benz,E-Class,E 220 d Avantgarde
Mercedes-Benz,EQS,580 4MATIC
Audi,A6,2.0 TDI Premium Plus
Mercedes-Benz,GLS,400d 4MATIC [2020-2023]
Honda,Jazz,Select Edition Old
Toyota,Etios,VXD
Honda,Civic,1.8V MT
Hyundai,Creta,E Plus 1.4 CRDI
Toyota,Innova,2.5 VX BS IV 8 STR
Mahindra,XUV300,1.2 W6 [2019-2019]
Honda,Jazz,VX CVT Petrol
Volkswagen,Vento,Highline Plus 1.2 (P) AT 16 Alloy
Ford,Ecosport,Titanium 1.5 Ti-VCT AT
Maruti Suzuki,Baleno,Delta 1.2 AT
Hyundai,Aura,S 1.2 Petrol
Land Rover,Discovery Sport,HSE 7-Seater
Jaguar,XF,2.2 Diesel Luxury
Ford,Ecosport,Titanium 1.5L Ti-VCT AT
Mahindra,XUV500,W8
Maruti Suzuki,Wagon R,ZXi 1.2
Honda,City,1.5 V AT
Mahindra,Marazzo,M6 Plus 7 STR [2020]
Mahindra,XUV700,AX 7 Diesel AT 7 STR [2023-2024]
Maruti Suzuki,DZire,VXi
Hyundai,Santro,Asta [2018-2020]
Mercedes-Benz,GLC,220d 4MATIC Progressive
Mercedes-Benz,E-Class,E250 CDI BlueEfficiency
Land Rover,Discovery Sport,SE 7-Seater
Jeep,Meridian,Overland 4x2 AT
Volkswagen,Polo,Highline1.2L (P)
Hyundai,Grand i10,Magna 1.2 Kappa VTVT [2016-2017]
Mercedes-Benz,EQS,580 4MATIC
Mahindra,NuvoSport,N8 AMT
Mercedes-Benz,EQE,SUV 500 4MATIC
Toyota,Urban Cruiser Hyryder,V Hybrid [2022-2023]
Toyota,Urban Cruiser Hyryder,V Hybrid [2023-2025]
Nissan,Terrano,XV D THP 110 PS
Honda,City,Hybrid eHEV ZX eHEV
Mercedes-Benz,GLC,220d 4MATIC
Mercedes-Benz,GLS,400d 4MATIC [2020-2023]
Hyundai,Santro,Magna CNG
Audi,e-tron,55 [2021-2024]
BMW,X1,sDrive20d Expedition
BMW,7-Series,740 Li M Sport
Mercedes-Benz,A-Class Limousine,200
Tata,Tigor,XZA Plus iCNG [2024-2025]
Mercedes-Benz,EQB,350 4MATIC
Tata,Altroz,XZA Plus Petrol [2022-2023]
Toyota,Fortuner,3.0 4x4 MT
Toyota,Corolla Altis,1.8 G
Maruti Suzuki,Baleno,Zeta 1.2
Toyota,Innova,2.5 GX 8 STR BS-IV
Land Rover,Discovery Sport,HSE 7-Seater
Audi,A4,35 TDI Premium Plus
Hyundai,Creta,1.6 SX Plus AT Petrol
Audi,Q3,30 TFSI Premium
Hyundai,Elite i20,Sportz Plus 1.4 CRDi
Honda,WR-V,VX MT Diesel
Hyundai,Verna,SX (O) 1.6 CRDi
Mercedes-Benz,E-Class,E 220 d Avantgarde
BMW,3 Series,GT 320d Luxury Line [2014-2016]
Audi,A3,35 TDI Premium Plus + Sunroof
Audi,Q5,3.0 TDI quattro Premium Plus
Hyundai,i10,1.2 L Kappa Magna Special Edition
Mercedes-Benz,GLS,450d 4MATIC
Tata,Nexon,XZ Plus Diesel Dual Tone
Honda,City,V
Isuzu,D-Max,V-Cross 4x4
Kia,Sonet,HTX 1.5 [2020-2021]
MG,Hector,Sharp 2.0 Diesel Turbo MT
Audi,A6,2.0 TDI Premium
Chevrolet,Cruze,LTZ AT
Toyota,Innova,2.5 G 8 STR BS-IV
Mercedes-Benz,GLA,200 d Sport
Mercedes-Benz,CLE,cabriolet 300 AMG Line
Hyundai,i10,1.1L iRDE Magna Special Edition
Mercedes-Benz,E-Class,E 220 d Avantgarde
Toyota,Innova Crysta,2.4 V Diesel
Toyota,Glanza,V AMT [2022-2023]
Toyota,Etios,VXD Xclusive
Volkswagen,Taigun,Highline 1.0 TSI AT
BMW,3 Series,GT 320d Sport Line [2014-2016]
Mercedes-Benz,GLE,300d 4MATIC LWB [2020-2023]
Audi,Q3,2.0 TDI quattro Premium Plus
Mercedes-Benz,EQS,SUV 450 5 Seater
Toyota,Urban Cruiser,Premium Grade MT
Honda,City,1.5 S MT
Skoda,Kushaq,Ambition 1.0L TSI AT
Hyundai,Exter,SX 1.2 AMT Knight Edition
Audi,Q7,Bold Edition
Maruti Suzuki,Ignis,Zeta 1.2 AMT
Mahindra,Bolero,N10 (O)
Toyota,Fortuner,3.0 4x4 MT
Renault,Kiger,RXZ Turbo CVT
Mercedes-Benz,C-Class,C 300
Mercedes-Benz,GLE,450 4MATIC LWB [2020-2023]
Kia,Sonet,HTX 1.0 iMT [2020-2021]
Jeep,Compass,Limited 2.0 Diesel [2017-2020]
Maruti Suzuki,Vitara Brezza,ZDi Plus
Toyota,Innova Crysta,2.8 ZX AT 7 STR [2016-2020]
Maruti Suzuki,Swift,VXi AMT [2018-2019]
Toyota,Fortuner,3.0 4x2 MT
Hyundai,Creta,S Plus 1.5 Diesel Knight
Tata,Safari,XT Plus
Hyundai,Grand i10,Sportz (O) 1.2 Kappa VTVT [2017-2018]
Toyota,Corolla Altis,1.8 G
Audi,Q3,30 TDI Premium FWD
Mercedes-Benz,GLA,220d [2021-2023]
Mercedes-Benz,GLE,450 4MATIC LWB [2020-2023]
Volkswagen,Virtus,Topline 1.0 TSI AT
Mercedes-Benz,EQB,350 4MATIC
Mercedes-Benz,EQA,250 Plus
Hyundai,Aura,SX 1.2 CNG
BMW,X3,xDrive 20d Luxury Line [2018-2020]
BMW,3 Series,GT 320d Luxury Line [2014-2016]
BMW,X1,sDrive20d xLine
Honda,Amaze,1.2 S i-VTEC
Mercedes-Benz,AMG,GLC 43 Coupe 4MATIC
Volkswagen,Polo,Comfortline Plus 1.0L MPI
Skoda,Kushaq,Style 1.5L TSI DSG (6 Airbags)
Kia,Sonet,HTX 1.0 iMT [2020-2021]
Mercedes-Benz,C-Class,C 220d [2022-2023]
Mini,Cooper,S 3 Door [2018-2020]
Mercedes-Benz,GLA,200d Urban Edition
Audi,A6,Technology 45 TFSI [2019-2024]
Tata,Tigor,XZA Plus [2020-2023]
Audi,Q3,Sportback Technology
Tata,Tigor,XZ Plus Leatherette Pack
Tata,Altroz,Racer R3
Skoda,kylaq,Prestige AT
Tata,Altroz,XZ iCNG
Audi,Q7,Technology 55 TFSI
Audi,Q5,Technology 45 TFSI [2021-2024]
Mercedes-Benz,EQE,SUV 500 4MATIC
Mercedes-Benz,GLS,450 4MATIC
Mercedes-Benz,E-Class,E 220 d Avantgarde
Toyota,Innova Crysta,2.4 G 8 STR [2016-2017]
BMW,X3,xDrive 20d Luxury Line [2018-2020]
Toyota,Innova Crysta,2.8 ZX AT 7 STR [2016-2020]
Mercedes-Benz,GLE,450 4MATIC LWB
Kia,Sonet,GTX Plus 1.0 iMT [2020-2021]
Kia,Seltos,HTX 1.5 [2020-2021]
Hyundai,Grand i10 Nios,Sportz 1.2 Kappa AMT
Tata,Punch,Accomplished MT [2021-2023]
Renault,Kiger,RXZ Turbo CVT
Tata,Nexon,XZA Plus (O) Diesel
Hyundai,Grand i10 Nios,Sportz 1.2 Kappa VTVT CNG
Kia,Sonet,GTX Plus 1.5 AT [2020-2021]
Tata,Altroz,XZA Plus Petrol [2022-2023]
Tata,Nexon,XZ Plus
Maruti Suzuki,Alto 800,Lxi (Airbag) [2012-2015]
Kia,Sonet,HTX 1.0 iMT [2020-2021]
Tata,Nexon,XZA Plus (S)
Tata,Harrier,XZA Plus
Maruti Suzuki,Swift,VXi AMT
Maruti Suzuki,Wagon R,LXi (O) 1.0 CNG
Hyundai,Santro,GL
Tata,Nexon,XZA Plus Kaziranga
Ford,Ecosport,S Petrol [2019-2020]
Hyundai,Grand i10 Nios,Asta 1.2 Kappa VTVT
Maruti Suzuki,Swift Dzire,ZXI
Tata,Tigor,XZA Plus [2020-2023]
Volkswagen,Polo,Comfortline 1.2L (P)
Tata,Harrier,XZA Plus Dark Edition
Maruti Suzuki,Ciaz,ZXI+
Tata,Punch,Accomplished MT [2021-2023]
Tata,Altroz,XM Plus Petrol
Tata,Harrier,XZA Plus Dark Edition
Hyundai,Venue,SX 1.2 Petrol
Hyundai,Creta,SX 1.6 AT Petrol
Tata,Harrier,Kaziranga XZA Plus
Tata,Nexon,XZ Plus (S) [2022-2023]
Maruti Suzuki,Wagon R,ZXI Plus 1.2 AGS [2023-2025]
Maruti Suzuki,Alto K10,VXi [2023-2024]
Tata,Nexon,Creative Plus 1.2 Petrol 6AMT [2023-2025]
Honda,WR-V,VX MT Petrol
Maruti Suzuki,DZire,VXi
Honda,City,VX Petrol CVT [2023-2025]
Hyundai,Venue,S (O) Plus 1.2 Petrol
Kia,Seltos,GTX Plus 1.4 DCT
Mahindra,Thar,LX Hard Top Diesel MT 4WD
Hyundai,Verna,SX (O) 1.5 Turbo Petrol DCT
Hyundai,Verna,EX 1.4 VTVT
Tata,Altroz,Racer R3
Kia,Sonet,HTX 1.0 iMT [2020-2021]
Tata,Nexon,XZA Plus (Premium) Jet
Renault,Duster,RXS CVT
Maruti Suzuki,Baleno,Alpha Automatic
Hyundai,Venue,SX (O) 1.0 Turbo DCT
Mahindra,Thar,LX Hard Top Diesel AT 4WD [2023]
Mahindra,Thar,LX Hard Top Diesel AT 4WD [2023]
Mahindra,XUV700,AX 7 Petrol AT Luxury Pack 7 STR [2021]
Jeep,Compass,Model S (O) Diesel 4x4 AT
Tata,Nexon,XM
Kia,Seltos,GTX Plus 1.5 Turbo Petrol DCT [2023-2024]
Maruti Suzuki,Swift,ZXi
MG,Hector,Sharp 2.0 Diesel [2019-2020]
Mahindra,XUV700,AX7 Luxury Pack 2WD Diesel 2.2L Turbo Automatic 7 STR
Mahindra,XUV500,W8 AT [2015-2017]
Maruti Suzuki,Vitara Brezza,ZDi Plus
Volkswagen,Taigun,GT Plus 1.5 TSI DSG
Mahindra,XUV700,AX7 Luxury Pack 2WD Diesel 2.2L Turbo Automatic 7 STR
BMW,X1,sDrive20d xLine
Volkswagen,Taigun,Topline 1.0 TSI MT
Tata,Harrier,XT Plus
Hyundai,Venue,S 1.2 Petrol
BMW,X1,sDrive20d xLine
BMW,3-Series,330i M Sport Edition
BMW,3-Series,320d Luxury Line
BMW,5-Series,520d Luxury Line [2017-2019]
Hyundai,Creta,SX 1.6 AT Petrol
Hyundai,Venue,N Line N6 MT
Honda,BR-V,V CVT Petrol
Maruti Suzuki,S-Cross,Zeta
Hyundai,Creta,1.6 S Petrol
Hyundai,i20,Active 1.2 S
Skoda,Kushaq,Style 1.5L TSI DSG (6 Airbags)
Hyundai,Grand i10 Nios,Asta AMT 1.2 Kappa VTVT
Kia,Seltos,GTX Plus (S) 1.5 Turbo Petrol DCT [2023-2024]
Kia,Seltos,GTX Plus 1.5 Diesel AT
Kia,Seltos,GTX Plus 1.5 Diesel AT
Mahindra,Thar,LX Hard Top Petrol AT RWD
Mahindra,XUV500,W11 AT
Hyundai,Elite i20,Asta 1.2 IVT
Hyundai,Elite i20,Sportz 1.2 MT [2020-2023]
Kia,Seltos,HTX IVT 1.5 [2019-2020]
Kia,Seltos,GTX Plus 1.4 [2020-2021]
Jeep,Compass,Limited (O) 2.0 Diesel 4x4 AT [2021]
Volkswagen,Polo,GT TSI
MG,Hector Plus,Savvy Pro 1.5 Turbo Petrol CVT 6 STR
BMW,3-Series,330i M Sport Dark
Volkswagen,Polo,Highline Plus 1.0L TSI
Hyundai,i20 N Line,N8 1.0 Turbo DCT
Renault,Duster,RXS CVT
Mercedes-Benz,GLC,300 Progressive
Kia,Seltos,HTX 1.5 IVT
Mercedes-Benz,GL-Class,350 CDI
Audi,Q3,35 TDI quattro Technology
Mercedes-Benz,GLC,220d 4MATIC Progressive
BMW,X5,xDrive 30d
Honda,City,VX Diesel
Hyundai,Elantra,1.6 SX MT
Mercedes-Benz,GLS,450d 4MATIC
Audi,Q3,35 TDI quattro Technology
Mercedes-Benz,C-Class,C 220d [2022-2023]
Toyota,Corolla Altis,GL Petrol
MG,Astor,Sharp Pro 1.5 CVT (Ivory)
Hyundai,Grand i10 Nios,Asta 1.2 Kappa VTVT
Volkswagen,Virtus,Highline 1.0 TSI MT
Kia,Seltos,HTX 1.5 [2020-2021]
Maruti Suzuki,Grand Vitara,Sigma Smart Hybrid [2023-2025]
Hyundai,Elite i20,Sportz 1.2 IVT Dual Tone
Hyundai,Creta,SX 1.5 Petrol CVT [2020-2022]
Maruti Suzuki,Baleno,Delta 1.2
Kia,Seltos,HTX 1.5 IVT
Kia,Seltos,GTX Plus 1.5 Turbo Petrol DCT [2023-2024]
Kia,Seltos,HTK Plus 1.5 Diesel [2019-2020]
Skoda,Kushaq,Ambition 1.0L TSI AT
Skoda,Slavia,Style 1.0L TSI MT
Tata,Harrier,XZA Plus
Skoda,Slavia,Style 1.0L TSI AT
Ford,Ecosport,Titanium+ 1.0L EcoBoost
Mercedes-Benz,G-Class,AMG G 63 Grand Edition
Mercedes-Benz,GLS,400d 4MATIC [2020-2023]
Volkswagen,Polo,Highline1.2L (P)
Honda,Jazz,V Petrol
Mahindra,XUV700,AX7 Luxury Pack 2WD Petrol 2.0L Turbo Automatic 7 STR
Tata,Nexon,Creative Plus (S) 1.2 6AMT
Honda,Jazz,V Petrol
Hyundai,Santro,Sportz AMT [2018-2020]
Skoda,Kodiaq,Style 2.0 TDI 4x4 AT
Renault,Duster,RxL Petrol
Skoda,Octavia,1.8 TSI L&K
Tata,Safari,XZA Plus
Hyundai,Creta,SX 1.5 Petrol
Mercedes-Benz,CLA,200 CDI Sport
Honda,Jazz,V CVT Petrol
Land Rover,Range Rover Velar,S R-Dynamic 2.0 Petrol
Hyundai,i20,Magna (O) 1.4 CRDI
BMW,3 Series,Gran Limousine 330Li Luxury Line
Hyundai,Grand i10 Nios,Sportz 1.2 Kappa VTVT
BMW,X1,sDrive20i SportX
Mercedes-Benz,GLA,45 AMG
Toyota,Fortuner,2.8 4x4 AT
Maruti Suzuki,Celerio,VXi AMT
Maruti Suzuki,Baleno,Zeta Automatic
Hyundai,Venue,S Plus 1.5 CRDi
Hyundai,Alcazar,Signature (O) 7 Seater 1.5 Diesel AT
Kia,Carens,Prestige Plus 1.4 Petrol DCT 7 STR
Skoda,Rapid,Style 1.5 TDI AT
Mini,Countryman,Cooper S JCW Inspired
Mercedes-Benz,E-Class,E 350 d Exclusive [2017-2019]
Mercedes-Benz,GLE,350 d
Hyundai,Elite i20,Asta (O) 1.2 MT
Hyundai,Alcazar,Signature (O) 6 STR 1.5 Diesel AT
Toyota,Fortuner,2.8 4x2 AT [2016-2020]
Hyundai,Grand i10,Sportz 1.2 Kappa VTVT Dual Tone
Maruti Suzuki,Swift,ZXi
Ford,Ecosport,Titanium 1.5L Ti-VCT Black Edition AT
Land Rover,Range Rover Evoque,HSE Dynamic
MG,Gloster,Savvy 6 STR 2.0 Twin Turbo 4WD
Tata,Nexon,EV XZ Plus
Honda,City,V
Jaguar,XF,2.2 Diesel
Jeep,Meridian,Limited (O) 4X4 AT [2022]
Tata,Tiago,Revotron XM [2016-2019]
Maruti Suzuki,Ciaz,Alpha 1.5
Honda,Amaze,1.2 VX MT Petrol [2018-2020]
Honda,Brio,VX MT
Hyundai,Creta,SX (O) 1.4 Turbo 7 DCT
Mahindra,XUV500,W11
Maruti Suzuki,Wagon R,LXi
Hyundai,Creta,SX (O) 1.5 Petrol CVT
Hyundai,Creta,SX 1.5 Petrol [2020-2022]
Hyundai,Creta,E Plus 1.6 Petrol
Mahindra,Thar,LX Hard Top Diesel MT 4WD
Mahindra,Thar,LX Hard Top Diesel AT 4WD [2023]
Maruti Suzuki,Swift,ZXi AMT [2018-2019]
Hyundai,Creta,SX (O) 1.5 Diesel AT
Hyundai,Verna,SX (O) 1.5 CRDi
Maruti Suzuki,Swift Dzire,VXI
Kia,Seltos,GTX Plus 1.4 DCT
Hyundai,Venue,SX 1.2 Petrol
Maruti Suzuki,Ignis,Delta 1.2 MT
Hyundai,Grand i10 Nios,Sportz 1.2 Kappa VTVT
Toyota,Innova Crysta,2.4 V Diesel
Hyundai,Creta,SX (O) 1.4 Turbo 7 DCT [2020-2022]
Skoda,Kushaq,Ambition 1.0 TSI AT
Hyundai,Creta,SX 1.4 Turbo 7 DCT
Hyundai,Creta,SX 1.6 AT Petrol
Honda,City,VX CVT Petrol
Kia,Seltos,GTX Plus 1.5 Diesel AT Dual Tone
Hyundai,Creta,SX 1.6 AT Petrol
Hyundai,Creta,SX 1.5 Diesel Executive
Tata,Harrier,XTA Plus Dark Edition
Hyundai,Grand i10 Nios,Sportz 1.2 Kappa VTVT
Honda,City,V
Hyundai,Creta,SX Plus 1.6 Petrol
Honda,WR-V,VX MT Petrol
MG,Hector,Sharp 1.5 DCT Petrol [2019-2020]
Kia,Seltos,HTE 1.5 Diesel iMT [2023-2024]
Maruti Suzuki,Ciaz,Alpha Hybrid 1.5 AT [2018-2020]
Hyundai,Grand i10 Nios,Sportz 1.2 Kappa AMT
Ford,Ecosport,Titanium + 1.5L TDCi
Maruti Suzuki,Swift,ZXi CNG
Maruti Suzuki,Vitara Brezza,ZXi [2023-2025]
Volkswagen,Polo,Highline Plus 1.0L TSI AT
Skoda,Slavia,Style 1.0L TSI AT
MG,Astor,Sharp 1.5 CVT Old Generation [2021-2023]
Honda,Amaze,1.2 VX AT i-VTEC
Maruti Suzuki,Vitara Brezza,VDi (O) [2016-2018]
Jeep,Compass,Limited Plus 2.0 Diesel 4x4 AT
Hyundai,Elantra,2.0 SX (O) AT
Mercedes-Benz,GLE,250 d
Skoda,Superb,L&K TSI AT
Skoda,Superb,Style TSI AT
Skoda,Octavia,2.0 TDI L&K
BMW,5-Series,525d Sedan
Porsche,Cayenne,Diesel
Ford,Endeavour,Titanium 2.2 4x2 AT
Audi,Q7,45 TDI Technology Pack
Volvo,XC90,B6 Ultimate [2022-2023]
BMW,5-Series,520d Sedan
Hyundai,Creta,EX 1.5 Diesel [2020-2022]
Toyota,Fortuner,2.8 4x2 AT [2016-2020]
Mercedes-Benz,E-Class,E 250 CDI Edition E
Volvo,XC40,Inscription
BMW,X3,xDrive 20d Luxury Line [2018-2020]
Tata,Harrier,XZA Plus Dark Edition
Porsche,Cayenne,Diesel
Tata,Harrier,XZA Plus Camo
Mercedes-Benz,A-Class Limousine,200d
Volkswagen,Virtus,Topline 1.0 TSI AT
Volvo,XC60,Summum D5
Audi,A3,35 TDI Premium
Toyota,Vellfire,VIP – Executive Lounge Hybrid (Electric + Petrol) Automatic
Honda,City,V Diesel
Hyundai,Creta,SX (O) 1.5 Petrol CVT [2020-2022]
Hyundai,Creta,SX Plus 1.6 Petrol
Kia,Carens,Luxury (O)1.5 Turbo Petrol DCT 7 STR [2023-2024]
Audi,Q3,40 TFSI Technology [2022-2024]
Volkswagen,Taigun,Topline 1.0 TSI MT
Mahindra,Thar,LX Convertible Top Diesel AT 4WD
Maruti Suzuki,Ciaz,Zeta Hybrid 1.5 [2018-2020]
Honda,Jazz,V Petrol
Jeep,Compass,Limited (O) 1.4 Petrol AT [2017-2020]
Kia,Seltos,HTX 1.5 Diesel AT
Audi,A6,35 TDI Matrix
Hyundai,Creta,SX 1.6 CRDi
Maruti Suzuki,Ciaz,VXi+
Maruti Suzuki,Baleno,Zeta 1.2 AT
Toyota,Innova Crysta,2.4 VX 7 STR [2016-2020]
Hyundai,Grand i10,Sportz 1.2 Kappa VTVT [2013-2016]
Hyundai,Grand i10,Magna AT 1.2 Kappa VTVT
Hyundai,i20,Active 1.2 Base
Honda,Jazz,S Petrol
Hyundai,Creta,SX (O) 1.5 Diesel AT
Maruti Suzuki,Ciaz,Alpha 1.4 MT
Hyundai,Alcazar,Platinum 7 STR 1.5 Diesel
Hyundai,Creta,SX 1.5 Petrol CVT
Maruti Suzuki,Swift,ZXi AMT [2018-2019]
Hyundai,Creta,E 1.5 Diesel [2020-2022]
Maruti Suzuki,Alto,VXI
Toyota,Fortuner,4X2 2WD Diesel Turbo Automatic Dual Tone
Hyundai,Grand i10,Sportz 1.2 Kappa VTVT [2013-2016]
Hyundai,Creta,SX Plus 1.6 Petrol
Honda,City,ZX CVT Petrol [2017-2019]
Toyota,Innova Crysta,2.8 GX AT 7 STR [2016-2020]
BMW,X3,xDrive 30i Luxury Line [2018-2019]
Hummer,H2,SUV
Hyundai,Creta,SX 1.5 Petrol CVT
Honda,City,SV CVT
Hyundai,Creta,S Plus 1.5 Petrol Knight Dual Tone
Tata,Harrier,XZA Plus
Hyundai,Grand i10,Magna 1.2 Kappa VTVT [2016-2017]
Jeep,Meridian,Limited (O) 4X4 AT [2022]
Ford,Endeavour,Titanium 3.2 4x4 AT
Audi,Q3,30 TDI Premium FWD
BMW,X4,xDrive30i M Sport X
Hyundai,Grand i10,Sportz (O) U2 1.2 CRDi [2017-2018]
Hyundai,Grand i10,Sportz 1.2 Kappa VTVT [2013-2016]
MG,Hector Plus,Sharp Pro 2.0 Turbo Diesel 7 STR [2023]
Hyundai,Alcazar,Prestige 7 STR 2.0 Petrol
Jeep,Compass,Limited 1.4 Petrol AT [2017-2020]
Mercedes-Benz,E-Class,E 220 D
Mercedes-Benz,GLA,200 CDI Sport
Tata,Tiago,Revotron XZA
Maruti Suzuki,Swift,VXi
Volvo,XC90,D5 Inscription
Jaguar,F-Pace,Prestige Petrol
Mercedes-Benz,GLS,400d 4MATIC [2020-2023]
Volvo,XC40,T4 R-Design
Hyundai,i10,1.2 L Kappa Magna Special Edition
Land Rover,Range Rover Sport,HSE 2.0 Petrol
BMW,6-Series,GT 630i M Sport [2021-2023]
Renault,Kwid,1.0 RXT [2016-2019]
BMW,3-Series,320d Sport Shadow Edition
Tata,Tiago,XZ Plus [2020-2023]
Jeep,Compass,Limited (O) 2.0 Diesel [2017-2020]
Maruti Suzuki,Ciaz,Delta 1.4 MT
Maruti Suzuki,Swift,VXi
Maruti Suzuki,Vitara Brezza,ZXi
Tata,Harrier,XZ [2019-2020]
Maruti Suzuki,DZire,VDi AMT
Hyundai,Verna,SX (O) 1.6 CRDi
BMW,2 Series,Gran Coupe 220d Sportline
Mahindra,Thar,LX Hard Top Petrol AT 4WD
Maruti Suzuki,Eeco,5 STR WITH A/C+HTR CNG [2017-2019]
Volkswagen,Virtus,Highline 1.0 TSI AT
Volvo,XC90,D5 Inscription
Land Rover,Discovery Sport,SE R-Dynamic [2023-2024]
BMW,X1,sDrive20d xLine
BMW,7-Series,730Ld Sedan
Mercedes-Benz,AMG,GLC 43 Coupe 4MATIC [2020-2023]
BMW,X1,sDrive20d Expedition
Jaguar,XF,2.2 Diesel
Mercedes-Benz,E-Class,450 4MATIC [2024-2025]
BMW,3-Series,325i
Mercedes-Benz,GLS,400d 4MATIC [2020-2023]
Skoda,Kushaq,Style 1.0L TSI AT
Kia,Sonet,GTX Plus 1.0 iMT [2020-2021]
BMW,3 Series,GT 320d Luxury Line [2014-2016]
Mercedes-Benz,GLS,400d 4MATIC [2020-2023]
Toyota,Fortuner,3.0 4x4 MT
Ford,Endeavour,Titanium 3.2 4x4 AT
Kia,Sonet,HTK Plus 1.0 iMT [2020-2021]
Tata,Harrier,XZA
Toyota,Fortuner,4x2 2WD Diesel 2.8L Turbo 6 Speed Manual
Mercedes-Benz,GLS,400d 4MATIC [2020-2023]
BMW,X5,xDrive30d Pure Experience (5 Seater)
Audi,A6,35 TFSI
Maruti Suzuki,Vitara Brezza,ZDi
Hyundai,i10,1.1L iRDE Magna Special Edition
Hyundai,Santro,Magna AMT [2018-2020]
Jeep,Compass,Limited (O) 2.0 Diesel 4x4 [2017-2020]
Audi,Q3,30 TDI Premium FWD
Honda,CR-V,2.0L 2WD AT
Lamborghini,Huracan,LP 610-4
Kia,Sonet,HTX Plus 1.0 iMT [2020-2021]
Skoda,Kushaq,Style 1.5L TSI DSG
Ford,Endeavour,Trend 3.2 4x4 AT
Kia,Seltos,GTX Plus 1.5 Diesel AT
Hyundai,Creta,SX (O) 1.5 Diesel [2020-2022]
Toyota,Fortuner,3.0 4x2 MT
Mercedes-Benz,C-Class,220 BlueEfficiency
Tata,Harrier,XZA
BMW,7-Series,730Ld
Toyota,Innova Crysta,2.8 GX AT 7 STR [2016-2020]
Renault,Kiger,RXT (O) MT
Hyundai,Grand i10,Magna 1.2 Kappa VTVT [2017-2020]
Kia,Sonet,GTX Plus 1.0 iMT [2020-2021]
Hyundai,i10,1.2 L Kappa Magna Special Edition
Kia,Seltos,GTX Plus 1.4 DCT
Hyundai,Exter,SX 1.2 CNG MT
Mercedes-Benz,AMG,GLC 43 Coupe 4MATIC [2020-2023]
BMW,3-Series,320d
Maruti Suzuki,Celerio,ZXi Plus [2021-2023]
Tata,Nexon,XM Diesel
Maruti Suzuki,Vitara Brezza,VDi (O) [2016-2018]
Kia,Seltos,GTX Plus AT 1.5 Diesel [2019-2020]
Maruti Suzuki,Alto 800,LXi (O)
Maruti Suzuki,Alto,VXi
Hyundai,Grand i10 Nios,Sportz 1.2 Kappa VTVT CNG
Tata,Nexon,Fearless Plus (S) 1.2 Petrol 7DCA Dual Tone [2023-2025]
Hyundai,Creta,1.6 SX Plus
BMW,X1,sDrive20d Expedition
Toyota,Innova Crysta,2.8 ZX AT 7 STR [2016-2020]
Toyota,Innova Crysta,2.8 GX AT 7 STR [2016-2020]
Toyota,Fortuner,4X4 AT 2.8 Diesel
Mahindra,XUV300,W6 1.5 Diesel
BMW,5-Series,520d Sedan
Audi,A6,Technology 45 TFSI [2019-2024]
Hyundai,Creta,SX (O) 1.5 Diesel AT
Mercedes-Benz,CLA,200 CDI Style
Mercedes-Benz,GLA,220d [2021-2023]
Toyota,Fortuner,4x2 AT
Hyundai,Creta,E Plus 1.6 Petrol
Honda,City,S
Toyota,Corolla Altis,G Diesel
Mahindra,Alturas,G4 4WD AT
Toyota,Corolla Altis,G Diesel
Volvo,XC40,T4 R-Design
Volkswagen,Taigun,Topline 1.0 TSI AT (Electric Seats)
Land Rover,Discovery Sport,HSE Luxury 7-Seater
Hyundai,Elantra,1.6 SX (O) AT
Maruti Suzuki,Alto 800,LXi
Hyundai,Creta,SX (O) 1.5 Diesel AT
Land Rover,Range Rover Sport,SE 3.0 Diesel [2018-2020]
Honda,City,VX CVT
Honda,Amaze,1.5 S i-DTEC
BMW,5-Series,530d M Sport [2017-2019]
Honda,City,SV Diesel
Hyundai,Grand i10,Sportz U2 1.2 CRDi
Ford,Endeavour,Titanium Plus 2.0 4x2 AT
Volkswagen,Polo,GT TSI
Audi,Q7,45 TDI Technology Pack
Hyundai,Grand i10,Magna AT 1.2 Kappa VTVT
Audi,Q3,35 TDI Premium + Sunroof
Hyundai,Tucson,2WD AT GLS Diesel
Mahindra,Thar,LX Hard Top Petrol AT 4WD
Jeep,Meridian,Limited (O) 4X2 AT [2022]
Mahindra,XUV500,W6
Maruti Suzuki,XL6,Zeta MT CNG [2023-2025]
Volvo,XC60,B5 Ultimate
MG,Gloster,Savvy 6 STR 2.0 Twin Turbo 4WD
Land Rover,Discovery Sport,HSE 7-Seater
Mercedes-Benz,GLC,220 d Progressive
Maruti Suzuki,Wagon R,VXI AMT
Tata,Tiago,Revotron XTA [2017-2019]
BMW,3 Series,GT 320d Luxury Line [2014-2016]
Lexus,NX,350h Overtrail Grade [2024-2025]
MG,Gloster,Sharp 6 STR 2.0 Twin Turbo 4WD
Audi,Q7,45 TDI Technology Pack
Audi,Q3,35 TDI quattro Technology
Audi,Q3,35 TDI quattro Technology
Maruti Suzuki,Vitara Brezza,VXi AT SHVS
Mahindra,Thar,LX Hard Top Petrol AT 4WD
Renault,Kwid,CLIMBER 1.0 AMT
Hyundai,Elite i20,Sportz 1.2 [2016-2017]
Skoda,Rapid,Style AT
Honda,Brio,S MT
Maruti Suzuki,Grand Vitara,Sigma Smart Hybrid [2023-2025]
Tata,Tiago,Revotron XM [2016-2019]
Bentley,Continental,GT V8
Hyundai,Creta,SX (O) 1.5 Diesel [2020-2022]
Hyundai,Grand i10 Nios,Sportz 1.2 Kappa VTVT CNG
Mercedes-Benz,S-Class,S 350d
BMW,7-Series,740i M Sport
Land Rover,Range Rover Sport,V8 SC Autobiography
Mercedes-Benz,S-Class,S 500
Toyota,Fortuner,2.8 4x4 AT
Land Rover,Defender,110 X-Dynamic HSE 2.0 Petrol
Mercedes-Benz,GLS,400d 4MATIC [2020-2023]
Volvo,S90,D4 Inscription
Mercedes-Benz,GLS,400d 4MATIC [2020-2023]
Land Rover,Range Rover,3.0 V6 Diesel Vogue LWB
Audi,A6,35 TDI Matrix
Audi,A3,40 TFSI
Land Rover,Range Rover,3.0 V6 Diesel Vogue
BMW,3-Series,320d Prestige
Jaguar,XJ,50
Maserati,Ghibli,Diesel
Mercedes-Benz,GL-Class,350 CDI
Mercedes-Benz,E-Class,E 220d Exclusive
Jaguar,XF,Portfolio Diesel
Mercedes-Benz,GLE,300d 4MATIC LWB [2020-2023]
BMW,3 Series,GT 320d Luxury Line
Land Rover,Range Rover Evoque,HSE Dynamic
Mercedes-Benz,GL-Class,350 CDI
Mercedes-Benz,GLC,220 d Progressive
Tata,Harrier,Kaziranga XZA Plus
Maruti Suzuki,Alto 800,VXi (O)
Maruti Suzuki,Grand Vitara,Zeta Plus Intelligent Hybrid eCVT [2022-2023]
Hyundai,Alcazar,Platinum (O) 7 Seater 1.5 Diesel AT
Volkswagen,Virtus,GT Plus 1.5 TSI EVO DSG
Honda,Amaze,1.2 VX CVT Petrol [2019-2020]
Tata,Punch,Accomplished MT [2021-2023]
Honda,Amaze,1.2 VX CVT Petrol [2019-2020]
Tata,Punch,Accomplished AMT
Mahindra,Thar,LX Hard Top Diesel AT 4WD [2023]
Hyundai,Creta,SX (O) 1.5 Diesel Automatic [2020-2022]
Skoda,Slavia,Ambition 1.0L TSI MT
Volkswagen,Vento,Highline 1.2 (P) AT
Honda,City,ZX Petrol
Maruti Suzuki,Fronx,Alpha 1.0L Turbo 6 AT Dual Tone
Maruti Suzuki,Alto,VXi
Nissan,Sunny,XL
Volkswagen,Polo,Highline Plus 1.5 (D) 16 Alloy
Hyundai,Verna,S 1.5 Petrol MT
Maruti Suzuki,Wagon R,LXi
Maruti Suzuki,Baleno,Zeta
Kia,Seltos,HTX 1.5 Diesel
Hyundai,Elite i20,Asta 1.2 (O) [2019-2020]
Renault,Kwid,RXL [2015-2019]
Toyota,Urban Cruiser,Taisor V Petrol 1.0L Turbo Automatic (TC)
Maruti Suzuki,Swift,VXi
Hyundai,Elite i20,Asta (O) 1.2 MT [2020-2023]
Ford,Ecosport,Titanium + 1.5L Ti-VCT AT
Tata,Punch,Adventure Rhythm iCNG
Tata,Punch,Pure iCNG [2023-2024]
Skoda,Kushaq,Ambition 1.0L TSI AT
Volkswagen,Polo,Comfortline 1.0L (P)
Volkswagen,Polo,Comfortline 1.0L MPI
Maruti Suzuki,Baleno,Delta
Hyundai,Alcazar,Platinum 7 STR 2.0 Petrol
Mahindra,Scorpio,Z8 L Petrol AT 6 STR [2023-2024]
Hyundai,Santro,Sportz CNG [2018-2020]
Honda,Brio,VX MT
Maruti Suzuki,S-Presso,VXi Plus
Kia,Sonet,HTX 1.0 iMT [2020-2021]
Hyundai,Grand i10 Nios,Sportz 1.2 Kappa VTVT CNG
Maruti Suzuki,Alto K10,VXi Plus (O)
Mercedes-Benz,E-Class,E 250 CDI Avantgarde
Tata,Nexon,XZ Plus (O)
Tata,Altroz,XZ Plus Petrol [2021-2023]
Maruti Suzuki,Baleno,Zeta
Maruti Suzuki,DZire,ZDi Plus
Kia,Seltos,HTK Plus 1.5 iMT
Skoda,Kushaq,Style 1.0L TSI AT
Tata,Punch,Adventure MT [2021-2023]
Mahindra,XUV300,AX7L 1.2 Petrol AT
Kia,Sonet,GTX Plus 1.5 AT Dual Tone
Hyundai,Alcazar,Signature (O) 6 STR 2.0 Petrol AT
Hyundai,Eon,Sportz
Hyundai,Verna,SX (O) 1.5 CRDi AT
Hyundai,Eon,Magna +
Tata,Punch,Accomplished MT [2021-2023]
Toyota,Glanza,V AMT [2022-2023]
Honda,Amaze,1.2 S i-VTEC
Hyundai,Verna,SX (O) 1.0 Turbo DCT
Volkswagen,Virtus,Highline 1.0 TSI AT
Kia,Seltos,GTX Plus 1.4 [2020-2021]
Maruti Suzuki,Celerio,VXi AMT
Honda,Brio,S MT
Skoda,Kushaq,Ambition 1.0L TSI AT
Maruti Suzuki,Eeco,5 STR AC (O) CNG
Hyundai,Verna,1.6 VTVT SX
Skoda,Kushaq,Ambition 1.0L TSI AT
Mahindra,Thar,LX Hard Top Diesel MT 4WD
Renault,Kwid,RXL (O) 1.0
Toyota,Glanza,G
Tata,Tiago,Revotron XZ w/o Alloy [2018-2019]
Ford,Ecosport,Titanium + 1.5L Ti-VCT AT
Hyundai,Eon,Magna +
Honda,Jazz,V Petrol
Kia,Seltos,GTX Plus 1.4 DCT
Kia,Carens,Prestige Plus (O) 1.5 Turbo Petrol DCT 7 STR
Honda,Amaze,1.2 VX i-VTEC
Hyundai,Grand i10,Sportz 1.2 Kappa VTVT [2016-2017]
Tata,Harrier,XZ [2019-2020]
Honda,WR-V,VX MT Petrol
Hyundai,Elite i20,Magna 1.2
Hyundai,Elite i20,Magna 1.2
Hyundai,Grand i10 Nios,Sportz 1.2 Kappa VTVT
Maruti Suzuki,Vitara Brezza,ZXi Plus
Ford,Ecosport,Titanium 1.0 Ecoboost (Opt)
Honda,Jazz,ZX CVT
Honda,Brio,S(O)MT
Maruti Suzuki,Ciaz,Delta 1.5
Hyundai,Elite i20,Sportz 1.2 [2016-2017]
Tata,Curvv,ICE Accomplished S 1.2 Revotron Petrol 6MT [2024-2025]
Skoda,Rapid,1.5 TDI CR Elegance
Kia,Seltos,HTX 1.5 [2020-2021]
Toyota,Innova,2.5 VX 8 STR BS-III
Kia,Seltos,HTX Plus 1.5 Diesel [2020-2021]
Hyundai,Venue,SX Plus 1.0 Turbo DCT
Jeep,Compass,Longitude (O) 2.0 Diesel [2017-2020]
Kia,Sonet,GTX Plus 1.0 iMT [2020-2021]
Audi,A3,35 TFSI Technology
Toyota,Corolla Altis,G
Ford,Ecosport,Trend 1.5 Ti-VCT
Honda,City,ZX Petrol CVT [2023-2025]
Land Rover,Discovery Sport,HSE 7-Seater
Volkswagen,Ameo,Comfortline 1.0L (P)
Renault,Duster,85 PS RXZ 4X2 MT Diesel (Opt)
Jeep,Cherokee,Limited (O) 4x4 AT
Mercedes-Benz,E-Class,E 220d Exclusive [2021-2023]
Maruti Suzuki,Vitara Brezza,ZXi
BYD,Atto,3 Dynamic [2024-2025]
Skoda,Rapid,1.5 TDI CR Style Plus
Honda,Jazz,V Diesel
Audi,A6,2.0 TDI Premium
Land Rover,Discovery Sport,SE
Honda,City,GXi
Mahindra,Thar,LX Hard Top Petrol AT
Mahindra,Thar,LX Hard Top Petrol AT
Mahindra,Thar,LX Hard Top Petrol AT
Honda,City,V Petrol
Honda,City,1.5 V MT
Hyundai,Verna,SX (O) 1.5 VTVT IVT
Mahindra,Thar,LX Hard Top Diesel MT 4WD
Toyota,Fortuner,4X4 AT 2.8 Diesel
Audi,A4,35 TDI Technology
Hyundai,Creta,S 1.5 Diesel
Toyota,Fortuner,4X4 AT 2.8 Diesel
Toyota,Innova Crysta,2.8 GX AT 7 STR [2016-2020]
Toyota,Innova Crysta,GX 2.4 AT 7 STR
Mahindra,Thar,LX Hard Top Diesel AT 4WD [2023]
Hyundai,Creta,SX (O) 1.5 Petrol CVT [2020-2022]
Toyota,Fortuner,4X4 AT 2.8 Diesel
Mercedes-Benz,GLS,400d 4MATIC [2020-2023]
BMW,X5,xDrive30d xLine
BMW,X3,xDrive20d M Sport
Mercedes-Benz,E-Class,E 200 Exclusive [2019-2019]
Mercedes-Benz,E-Class,E 200 Exclusive [2019-2019]
Mercedes-Benz,E-Class,E 200 Exclusive [2019-2019]
BMW,3 Series,Gran Limousine 320Ld M Sport [2023]
BMW,iX,xDrive 50
Lexus,ES,300h Luxury
BMW,3-Series,320d Luxury Line
BMW,X1,sDrive18i M Sport
Audi,A4,Premium Plus 40 TFSI [2021-2024]
Lexus,ES,300h Luxury
Mini,Cooper,SE 3-Door
BMW,iX,xDrive 40
BMW,3-Series,320Ld M Sport [2023]
Mercedes-Benz,GLC,300 4MATIC
Mini,Cooper,Classic Trim
Mercedes-Benz,EQE,SUV 500 4MATIC
Mercedes-Benz,EQE,SUV 500 4MATIC
Mercedes-Benz,EQE,SUV 500 4MATIC
Volvo,XC40,Ultimate AWD
Mercedes-Benz,EQE,SUV 500 4MATIC
Porsche,Cayenne,Platinum Edition [2022-2023]
BMW,X5,xDrive30d xLine
BMW,i5,M60 xDrive
Lexus,RX,350h Luxury
Audi,A3,35 TFSI Premium Plus
Mercedes-Benz,GLE,450 4MATIC LWB
Kia,Carnival,Limousine Plus 7 STR
Mercedes-Benz,GLC,300 4MATIC
BMW,3 Series,Gran Limousine 330Li M Sport
BMW,5-Series,530i M Sport
BMW,3 Series,Gran Limousine 330Li M Sport [2023]
Mercedes-Benz,EQA,250 Plus
Volvo,XC60,B5 Ultimate
Land Rover,Range Rover Velar,HSE Dynamic 2.0 Petrol
Mercedes-Benz,EQA,250 Plus
Mercedes-Benz,A-Class Limousine,200
Volvo,XC40,T4 R-Design
BMW,X1,sDrive18i M Sport
Mercedes-Benz,CLA,200 Petrol Sport
MG,Hector,Savvy Pro 1.5 Turbo Petrol CVT [2023]
Volvo,S90,D4 Inscription
Mini,Cooper,SE Charged Edition
Mini,Cooper,SE Charged Edition
BMW,5-Series,530i M Sport [2021-2023]
Mercedes-Benz,C-Class,C 220d
Ford,Endeavour,Titanium 2.2 4x2 AT [2016-2018]
Volvo,XC90,B6 Ultimate
Land Rover,Discovery Sport,SE R-Dynamic Petrol [2023-2024]
Land Rover,Range Rover Evoque,SE R-Dynamic Petrol
Volvo,XC60,Inscription [2017-2020]
Ford,Endeavour,Titanium 3.2 4x4 AT
Lexus,NX,300h Luxury [2017-2020]
Volvo,XC60,B5 Inscription
Mercedes-Benz,E-Class,E 350 d Exclusive [2017-2019]
Audi,Q3,40 TFSI Premium Plus
Honda,City,VX
BMW,i7,eDrive50 M Sport
Land Rover,Discovery,SE
Mahindra,Scorpio,S11 2WD 7 STR
Volvo,XC60,Inscription [2017-2020]
Volvo,XC90,B6 Ultimate [2022-2023]
BMW,X7,xDrive40i M Sport
BMW,3-Series,xDrive [2023-2024]
Mercedes-Benz,GLS,450 4MATIC
Volvo,XC40,Ultimate AWD
Mercedes-Benz,E-Class,E 220 d Avantgarde
BMW,5-Series,530d M Sport [2013-2017]
Mahindra,XUV500,W9 [2018-2020]
Mercedes-Benz,S-Class,S 350 CDI
Mercedes-Benz,E-Class,450 4MATIC [2024-2025]
Mahindra,XUV700,AX 5 Petrol MT 7 STR [2021]
Audi,A4,2.0 TDI Sline
Mercedes-Benz,C-Class,C 220 CDI Style
Mahindra,Thar,LX Hard Top Petrol AT
Nissan,X-Trail,Mild Hybrid CVT
Ford,Endeavour,Titanium Plus 2.0 4x2 AT
Mahindra,Thar,LX Convertible Top Diesel AT 4WD
Hyundai,Alcazar,Signature (O) 7 Seater 1.5 Diesel AT
Mercedes-Benz,E-Class,E 220 d Avantgarde
Renault,Duster,85 PS RXS 4X2 MT Diesel
Volvo,XC60,Inscription [2017-2020]
Mahindra,Scorpio,S11 2WD 7 STR
Maruti Suzuki,Ciaz,Alpha Hybrid 1.5 [2018-2020]
Volvo,XC90,T8 Excellence (4 STR)
Toyota,Innova Crysta,2.8 ZX AT 7 STR [2016-2020]
Skoda,Octavia,1.8 TSI L&K
Mahindra,XUV300,W6 1.2 Petrol AMT [2021]
Mercedes-Benz,SLC,43 AMG
Toyota,Fortuner,2.8 4x4 AT [2016-2020]
Hyundai,Venue,SX (O) 1.0 Turbo
Audi,Q8,55 TFSI quattro
Renault,Kwid,1.0 RXT AMT Opt [2016-2019]
Maruti Suzuki,Ertiga,Vxi
Renault,Triber,RXZ Dual Tone [2024-2025]
Tata,Nexon,Creative 1.2 Petrol 6MT Dark Edition [2023-2025]
Volkswagen,Polo,Trendline 1.0L (P)
Maruti Suzuki,Vitara Brezza,VXi AT SHVS
Tata,Nexon,XZA Plus Diesel
Hyundai,Verna,SX 1.5 Petrol MT
Honda,City,Hybrid eHEV ZX eHEV
Volkswagen,T-Roc,1.5 TSI
Mercedes-Benz,C-Class,C 300d [2022-2023]
Hyundai,Elite i20,Magna Executive 1.2
Volkswagen,Vento,Highline Diesel AT [2015-2016]
Maruti Suzuki,Ciaz,Sigma Hybrid 1.5 [2018-2020]
BMW,7-Series,730d Sedan
Mercedes-Benz,C-Class,C 220d
Mercedes-Benz,C-Class,C 220d
BMW,i7,xDrive60
Hyundai,Alcazar,Platinum 7 STR 1.5 Diesel
Mercedes-Benz,GLS,350 d
BMW,7-Series,730Ld
BMW,6-Series,640d Coupe
Mercedes-Benz,CLA,200 D Urban Sport
Audi,A6,35 TDI Matrix
Audi,Q5,2.0 TDI quattro
MG,Hector Plus,Blackstorm 2.0 Turbo Diesel 7 STR
BMW,3-Series,320d Prestige
Mercedes-Benz,GLE,250 d
Audi,A3,35 TDI Premium + Sunroof
Maserati,Quattroporte,Diesel
Toyota,Prado,VX L
BMW,3 Series,GT 320d Sport Line [2014-2016]
Mercedes-Benz,GLS,450d 4MATIC
Mercedes-Benz,S-Class,S 350d
BMW,X7,xDrive30d DPE Signature [2019-2020]
Mercedes-Benz,E-Class,E 220 d Avantgarde
Mercedes-Benz,GLE,300d 4MATIC LWB [2020-2023]
Hyundai,Elite i20,Sportz 1.2 IVT [2020-2023]
BMW,X5,xDrive30d M Sport
Mercedes-Benz,S-Class,S 350D [2018-2020]
Volvo,S90,D4 Inscription
Jaguar,F-type,Coupe R-Dynamic 2.0 [2020-2023]
Mahindra,Thar,LX Hard Top Petrol AT RWD [2023]
Hyundai,Venue,SX (O) 1.0 Turbo DCT
Tata,Tiago,Revotron XZ
Hyundai,Grand i10 Nios,Sportz 1.2 Kappa VTVT
Renault,Kwid,1.0 RXT AMT Opt [2016-2019]
Maruti Suzuki,Wagon R,VXi
Mercedes-Benz,B-class,B180
Mercedes-Benz,GLC,220d 4MATIC Progressive [2019-2021]
Mercedes-Benz,E-Class,E 350 d Exclusive [2017-2019]
Volkswagen,Tiguan,AllSpace 2.0 TSI
Honda,City,Hybrid eHEV ZX eHEV
Mercedes-Benz,C-Coupe,43 AMG 4MATIC
Audi,Q3,2.0 TDI Base Grade
Renault,Kwid,1.0 RXT AMT Opt
Renault,Kwid,1.0 RXT AMT Opt [2016-2019]
Ford,Ecosport,Titanium 1.5L TDCi [2019-2020]
Skoda,Octavia,RS
Mercedes-Benz,GLE,Coupe 43 AMG 4Matic 2016
Mercedes-Benz,E-Class,E 350 d Exclusive [2017-2019]
Porsche,Macan,Base
Mini,Cooper,D 3 Door
Mahindra,Thar,Roxx AX7 L 2WD Diesel 2.2L Turbo Automatic
Jeep,Meridian,Limited (O) 4X2 AT [2022]
Kia,Sonet,GTX Plus 1.0 iMT [2020-2021]
Renault,Kwid,RXL [2015-2019]
Mercedes-Benz,GLS,350 d
Mercedes-Benz,E-Class,E 220d Exclusive
Land Rover,Discovery Sport,HSE Luxury
Toyota,Innova,Hyrcross ZX Hybrid (Electric + Petrol) Automatic (e-CVT) 7 STR
Hyundai,Elantra,2.0 SX (O) AT
Maruti Suzuki,Vitara Brezza,ZDi Plus AGS
Hyundai,Verna,Fluidic 1.6 VTVT SX
Mercedes-Benz,E-Class,E 220 d Avantgarde
Mahindra,XUV300,W8 (O) 1.5 Diesel AMT
Kia,Carnival,Limousine Plus 7 STR
Toyota,Innova Crysta,ZX 2.4 AT 7 STR
Kia,Sonet,HTK Plus 1.0 iMT [2020-2021]
Volkswagen,Jetta,Highline TDI AT
Volkswagen,T-Roc,1.5 TSI
Audi,Q5,Technology 45 TFSI [2021-2024]
Toyota,Innova Hycross,ZX (O) Hybrid (Electric + Petrol) Automatic (e-CVT) 7 STR
Renault,Kwid,RXL [2015-2019]
Jeep,Compass,Limited 1.4 Petrol AT [2017-2020]
Ford,Ecosport,Titanium 1.5L TDCi [2019-2020]
Toyota,Vellfire,Hybrid
Hyundai,Creta,1.6 SX Plus AT Petrol
Skoda,Fabia,Ambition 1.2 TDI
Jeep,Compass,Limited 1.4 Petrol AT [2017-2020]
Jeep,Compass,Limited (O) 2.0 Diesel [2017-2020]
Jeep,Compass,Limited (O) 2.0 Diesel [2017-2020]
Jeep,Compass,Limited (O) 2.0 Diesel [2017-2020]
Hyundai,Santa,Fe 4 WD (AT)
Mercedes-Benz,GL-Class,350 CDI
Renault,Kwid,RXT 1.0 AMT
Land Rover,Range Rover Sport,HSE 2.0 Petrol
Land Rover,Range Rover,SV LWB 3.0 Diesel
Jaguar,XJ,50
BMW,X3,xDrive 20d Expedition
Honda,City,VX CVT
Honda,City,VX
Toyota,Urban Cruiser,High Grade AT
Mahindra,XUV700,AX7 Luxury Pack 2WD Petrol 2.0L Turbo Automatic 7 STR
Kia,Seltos,HTK Plus 1.5 [2019-2020]
Maruti Suzuki,Swift,ZXi Plus AMT Dual Tone [2021-2023]
Jeep,Compass,Limited (O) 2.0 Diesel [2017-2020]
Renault,Kwid,RXL [2015-2019]
Maruti Suzuki,Swift,ZXi [2021-2023]
Renault,Kwid,RXT Opt [2015-2019]
Renault,Kwid,RXT [2015-2019]
Renault,Kwid,1.0 RXT Opt [2016-2019]
Volkswagen,GTi,1.8 TSI
Maruti Suzuki,Ignis,Alpha 1.2 AMT
Renault,Kwid,RXT Opt
Renault,Kiger,RXE MT
BMW,7-Series,730Ld M Sport
Maruti Suzuki,Celerio,ZXi
Mercedes-Benz,S-Class,S 450
Audi,Q5,2.0 TDI quattro Premium
BMW,5-Series,520d Luxury Line [2017-2019]
Jaguar,F-Pace,Prestige Petrol
Land Rover,Range Rover Sport,V6 HSE
Mini,Cooper,1.6
Volkswagen,T-Roc,1.5 TSI
Mercedes-Benz,E-Class,E 220 d Avantgarde
Mini,Cooper,SE Charged Edition
Land Rover,Range Rover Velar,2.0 R-Dynamic HSE Diesel 180
Jaguar,XF,2.2 Diesel Luxury
Mercedes-Benz,E-Class,E 350 d Exclusive [2017-2019]
Mercedes-Benz,E-Class,E 350 d Exclusive [2017-2019]
Land Rover,Range Rover Sport,SE 2.0 Petrol
Mini,Cooper,S 3 Door [2018-2020]
Mercedes-Benz,E-Class,E220d [2024-2025]
Audi,A6,35 TDI Matrix
Audi,Q3,2.0 TDI Base Grade
Hyundai,Elite i20,Sportz 1.2 IVT [2020-2023]
Toyota,Camry,Hybrid [2015-2017]
Jeep,Compass,Model S (O) 2.0 Diesel [2021]
Volkswagen,GTi,1.8 TSI
Volvo,S60,Kinetic D5
Land Rover,Range Rover Sport,SDV6 SE
Bentley,Continental,GT V8
Hummer,H3,SUV
Lamborghini,Huracan,LP 610-4
Audi,Q3,35 TDI quattro Technology
BMW,X5,xDrive40i M Sport
MG,Gloster,Blackstorm 6 STR 2.0 Twin Turbo 4WD
BMW,7-Series,740i M Sport
Ford,Mustang,GT Fastback 5.0L v8
BMW,X5,xDrive 30d M Sport
Mercedes-Benz,S-Class,S 450
Mercedes-Benz,GLS,350 d
BMW,5-Series,520d Luxury Line
BMW,5-Series,520d Luxury Line
BMW,7-Series,730 Ld Signature
Mercedes-Benz,GLE,300d 4MATIC LWB [2020-2023]
BMW,X1,sDrive20d xLine
MG,Hector,Sharp 1.5 Petrol CVT
BMW,7-Series,730Ld DPE Signature
BMW,X7,xDrive40i M Sport (Petrol)
BMW,5-Series,530Li M Sport (Aluminium Satinated)
Volvo,XC60,B5 Ultimate
Mercedes-Benz,GLA,220d AMG Line 4MATIC [2021-2023]
Mini,Cooper,SE 3-Door
BMW,5-Series,530d M Sport
BMW,X6,xDrive40i M Sport [2020-2023]
Mercedes-Benz,G-Class,G 63 AMG
Skoda,Slavia,Style 1.5L TSI DSG
Porsche,911,Carrera S
BMW,X4,xDrive30i M Sport X
BMW,X6,xDrive40d M Sport
Jaguar,F-type,Coupe R-Dynamic 2.0 [2020-2023]
BMW,3 Series,Gran Limousine 330Li M Sport
Audi,Q3,40 TFSI Premium Plus [2022-2024]
BMW,3 Series,Gran Limousine 330Li M Sport First Edition
Porsche,Macan,S [2019-2020]
BMW,5-Series,520d Luxury Line
Mercedes-Benz,GLA,200 CDI Style
BMW,iX,xDrive 40
BMW,i4,eDrive40
Lamborghini,Urus,Twin-Turbo V8
MG,Gloster,Savvy 7 STR 2.0 Turbo 2WD
BMW,7-Series,730Ld DPE Signature
BMW,7-Series,730Ld DPE Signature
Mercedes-Benz,E-Class,E 350d AMG Line
BMW,X3,xDrive 20d Luxury Line [2018-2020]
Audi,Q8,55 TFSI quattro
Land Rover,Range Rover Velar,S R-Dynamic 2.0 Diesel
MG,ZS,EV Excite Pro
Mahindra,Be,6 Pack Two 59.0 kWh No Charger
Jeep,Wrangler,Rubicon
Kia,Seltos,HTX 1.5 Diesel AT
Toyota,Innova Hycross,ZX (O) Hybrid (Electric + Petrol) Automatic (e-CVT) 7 STR
Toyota,Innova Crysta,2.4 G 8 STR [2016-2017]
Hyundai,Creta,S Plus 1.5 Petrol Knight
Mercedes-Benz,GLC,220d 4MATIC Progressive [2019-2021]
Skoda,Superb,L&K TSI AT
Volkswagen,Vento,Highline 1.2 (P) AT
Toyota,Innova Crysta,GX 2.4 AT 7 STR
Mercedes-Benz,E-Class,E 220 d Avantgarde
Mercedes-Benz,E-Class,E 200 Expression
Jeep,Compass,Limited Plus 2.0 Diesel 4x4 AT
Honda,Elevate,ZX MT [2023-2025]
Volkswagen,Virtus,GT Plus 1.5 TSI EVO DSG
Skoda,Kushaq,Style 1.5L TSI DSG (6 Airbags)
MG,Astor,Savvy 1.5 CVT Ivory [2023-2024]
Audi,A4,Premium 40 TFSI [2021-2024]
Jaguar,I-Pace,SE
Citroen,C3,Shine 1.2 Turbo Dual Tone
Audi,RS5,Sportback [2021-2024]
Hyundai,Creta,SX 1.5 Petrol [2020-2022]
Mercedes-Benz,GLE,300d 4MATIC LWB [2020-2023]
Mercedes-Benz,E-Class,E 220 d Avantgarde
Hyundai,Creta,SX (O) 1.5 Diesel Automatic [2020-2022]
MG,Hector Plus,Sharp 1.5 Petrol Turbo CVT 6-STR
Jeep,Compass,Sport 2.0 Diesel
Mini,Countryman,Cooper S [2020-2021]
BMW,3-Series,320d Prestige
Mercedes-Benz,GLE,300d 4MATIC LWB [2020-2023]
Mercedes-Benz,GLE,350 d
MG,Astor,Super 1.5 CVT [2021-2023]
Honda,City,SV CVT
Maruti Suzuki,Ignis,Delta 1.2 MT
Maruti Suzuki,Celerio,ZXi AMT [2017-2019]
BMW,3-Series,330i Sport Line
Mini,Countryman,Cooper S [2020-2021]
BMW,X5,xDrive 30d
Mercedes-Benz,GLC,220d 4MATIC Progressive [2019-2021]
BMW,X3,xDrive 30d M Sport [2015-2017]
Tata,Altroz,XZA Plus Petrol [2022-2023]
Volvo,V40,D3 Kinetic
Tata,Safari,XZA Plus
Mercedes-Benz,GL-Class,350 CDI
BMW,X5,xDrive 30d
Audi,Q3,40 TFSI Premium Plus
Mercedes-Benz,C-Class,C 200
Mercedes-Benz,GLC,200 Progressive
BMW,3 Series,Gran Limousine 330Li Luxury Line
Mercedes-Benz,E-Class,E 220d Expression [2019-2019]
Jeep,Compass,Model S (O) 1.4 Petrol DCT [2021]
Maserati,Levante,Diesel
Jeep,Compass,Limited Plus Petrol AT
Mahindra,XUV500,W9 [2018-2020]
Hyundai,Alcazar,Prestige (O) 7 STR 1.5 Diesel AT
Maruti Suzuki,Ertiga,VXi
Maruti Suzuki,Ertiga,VXi (O) CNG [2022-2023]
Maruti Suzuki,Fronx,Alpha 1.0L Turbo MT
Toyota,Innova Hycross,ZX (O) Hybrid 7 STR
Toyota,Innova Crysta,2.7 ZX AT 7 STR
BMW,X1,sDrive18i M Sport
BMW,X5,xDrive40i M Sport
Toyota,Fortuner,4x2 2WD Diesel 2.8L Turbo Automatic
Toyota,Innova,Hyrcross GX Petrol Automatic (CVT) 8 STR
BMW,X1,sDrive18d M Sport
Toyota,Innova Crysta,2.7 ZX AT 7 STR [2016-2020]
Toyota,Innova Crysta,ZX 2.7 AT 7 STR
Ford,Endeavour,Titanium Plus 2.2 4x2 AT
Land Rover,Defender,110 HSE 2.0 Petrol
Ford,Endeavour,Titanium Plus 2.2 4x2 AT
BMW,3-Series,330i M Sport Edition
Maruti Suzuki,Ertiga,VXI CNG
Land Rover,Defender,110 X 3.0 Petrol
Mahindra,Thar,Roxx AX5 L Diesel AT 2WD
Toyota,Innova Hycross,ZX (O) Hybrid 7 STR
Toyota,Innova,Hyrcross ZX Hybrid 7 STR
Mahindra,Scorpio,S5 2WD 7 STR
Maruti Suzuki,FRONX,Delta Plus 1.2L AGS
Toyota,Fortuner,2.8 4x4 AT
Ford,Endeavour,Titanium Plus 2.2 4x2 AT
Toyota,Camry,Hybrid
Toyota,Urban Cruiser Hyryder,V Hybrid [2022-2023]
Maruti Suzuki,Fronx,Zeta 1.0L Turbo 6 AT
Toyota,Fortuner,2.8 4x2 MT [2016-2020]
Toyota,Camry,Hybrid
Ford,Endeavour,Titanium Plus 2.2 4x2 AT
Toyota,Innova Crysta,GX 2.4 AT 7 STR
Maruti Suzuki,Fronx,Alpha 1.0L Turbo MT
Tata,Harrier,XMA
Toyota,Innova Crysta,2.4 GX 7 STR [2016-2020]
Toyota,Innova Crysta,GX 2.4 AT 7 STR
Toyota,Camry,Hybrid
Maruti Suzuki,Ertiga,VXi (O) [2023-2025]
Toyota,Innova Crysta,2.7 VX 7 STR [2016-2020]
Mahindra,Thar,Roxx AX7 L Petrol AT 2WD
Toyota,Innova,Hyrcross ZX (O) Hybrid 7 STR
Toyota,Urban Cruiser Hyryder,V Hybrid [2023-2025]
Toyota,Fortuner,2.8 4x2 MT [2016-2020]
Maruti Suzuki,Ertiga,VXi (O) CNG [2023-2025]
Toyota,Corolla Altis,VL AT Petrol
Tata,Harrier,XZA Plus
Skoda,Superb,L&K TSI AT
Tata,Tigor,XZA Plus Dual Tone
Hyundai,Creta,E Plus 1.6 Petrol
Toyota,Corolla Altis,VL AT Petrol
Jeep,Compass,Limited 1.4 Petrol AT [2017-2020]
Kia,Carens,Luxury Plus 1.5 Diesel AT 6 STR
Kia,Seltos,HTX 1.5 IVT
Maruti Suzuki,Ciaz,ZDi+ SHVS
Hyundai,Aura,SX Plus 1.2 AMT Petrol
Toyota,Innova Crysta,2.7 GX AT 7 STR [2016-2020]
BMW,5-Series,530i Sport Line
Maruti Suzuki,Swift,VXi
Maruti Suzuki,Vitara Brezza,VXi [2023-2025]
Ford,Ecosport,Titanium 1.5L TDCi Black Edition
MG,Hector,Sharp 1.5 Petrol Turbo DCT
Skoda,Superb,L&K TSI AT
Toyota,Fortuner,2.8 4x2 AT [2016-2020]
Honda,City,SV
MG,Hector Plus,Sharp 2.0 Diesel
Honda,Brio,S MT
Maruti Suzuki,XL6,Zeta AT Petrol
Maruti Suzuki,Vitara Brezza,VXi AT SHVS
Kia,Seltos,HTK 1.5 [2020-2021]
Maruti Suzuki,Wagon R,VXI AMT
Tata,Harrier,XTA Plus
Kia,Seltos,HTX 1.5 [2020-2021]
MG,Hector,Shine 1.5 Petrol Turbo MT
Maruti Suzuki,Celerio,VXi AMT
Honda,Amaze,1.2 SX i-VTEC
Tata,Tiago,XZ Plus CNG [2022-2023]
Volkswagen,Tiguan,Elegance 2.0 TSI DSG [2021]
Volkswagen,Taigun,Comfortline 1.0 TSI MT
Volkswagen,Taigun,GT Plus 1.5 TSI DSG
Kia,Sonet,HTX 1.0 Turbo Petrol DCT
Tata,Nexon,XM (S) [2020-2023]
Skoda,Slavia,Style 1.0L TSI AT
Honda,City,V Petrol
Hyundai,Aura,SX 1.2 Petrol [2023-2025]
Volkswagen,Taigun,Comfortline 1.0 TSI MT
Tata,Nexon,XZ Plus (S) [2022-2023]
Hyundai,Creta,SX 1.5 Petrol CVT [2020-2022]
Honda,City,VX CVT Petrol
Skoda,Superb,Sportline AT
MG,Astor,Sharp 1.5 MT [2021-2023]
Volkswagen,Taigun,Topline 1.0 TSI AT
BMW,5-Series,530i M Sport [2021-2023]
Skoda,Octavia,L&K 2.0
Maruti Suzuki,Vitara Brezza,VDi (O) [2016-2018]
Bentley,Bentayga,V8 Petrol
BMW,iX,xDrive 40
Honda,Amaze,1.2 VX CVT Petrol [2019-2020]
Honda,City,V Petrol
BMW,3 Series,Gran Limousine 330Li M Sport
Skoda,Octavia,L&K 2.0
Skoda,Octavia,L&K 2.0
Kia,Seltos,X Line (S) 1.5 Turbo Petrol DCT
Toyota,Corolla Altis,G Petrol
Toyota,Camry,Hybrid
Jeep,Compass,Limited 2.0 Diesel [2017-2020]
Honda,Amaze,1.2 S i-VTEC
Mahindra,Thar,LX Hard Top Petrol AT
Hyundai,Tucson,GL 2WD AT Petrol
Rolls-Royce,Cullinan,SUV
Ford,Ecosport,Titanium 1.5L TDCi
BMW,X7,xDrive40i M Sport
Ford,Endeavour,Trend 2.2 4x2 AT
Toyota,Corolla Altis,VL AT Petrol
Jeep,Compass,Longitude 2.0 Diesel [2017-2020]
Rolls-Royce,Ghost,Petrol
Mercedes-Benz,GLE,450 4MATIC LWB [2020-2023]
Ford,Ecosport,Titanium 1.5L Ti-VCT AT
Rolls-Royce,Phantom,EWB
Honda,CR-V,2.0L 2WD AT
Mercedes-Benz,E-Class,E 250 CDI Edition E
BMW,6-Series,GT 620d Luxury Line [2019-2019]
Mercedes-Benz,S-Class,Maybach S 500
Volvo,XC90,D5 Momentum
Jeep,Wrangler,Unlimited 4x4 Petrol
Mercedes-Benz,E-Class,E 250 CDI Edition E
Mini,Countryman,1.6 S
Ford,Endeavour,Titanium 3.2 4x4 AT
Mahindra,Thar,LX Convertible Top Diesel AT 4WD
Audi,A4,35 TDI Premium Plus
Hyundai,Tucson,GL (O) 2WD AT Petrol
Kia,Carnival,Prestige 7 STR
Mercedes-Benz,E-Class,E 200
Tata,Safari,XZA Plus
Mahindra,Thar,Roxx AX5 L Diesel AT 2WD
Lexus,LX,600
Jaguar,XF,3.0 V6 Premium Luxury
Toyota,Land Cruiser,ZX Petrol
Volvo,XC40,B4 Ultimate [2022-2023]
BMW,X7,xDrive40d M Sport [2023]
Kia,Carens,Luxury Plus 1.4 Petrol DCT 6 STR
Audi,A4,30 TFSI Premium Plus
Mercedes-Benz,A-Class Limousine,200
Mahindra,Scorpio,Z8 L Petrol AT 7 STR [2022]
Maruti Suzuki,Ciaz,VXi+
Hyundai,Venue,S 1.0 Turbo DCT
Hyundai,Creta,1.6 SX Plus Petrol
Mahindra,XUV700,AX 7 Petrol AT Luxury Pack 7 STR [2021]
Audi,A6,35 TFSI
Mercedes-Benz,CLA,200 Petrol Sport
Maruti Suzuki,Swift,Lxi ABS [2014-2017]
Jeep,Compass,Longitude (O) 2.0 Diesel [2017-2020]
Mercedes-Benz,GLC,200 Progressive [2019-2021]
Mercedes-Benz,GLS,400d 4MATIC [2020-2023]
Audi,Q5,Technology 45 TFSI [2021-2024]
Mahindra,Thar,Roxx AX5 L Diesel AT 4WD
BMW,X4,xDrive20d M Sport X [2019-2020]
Mahindra,Thar,LX Hard Top Petrol AT
Lexus,LX,500d with Ash Open Pore Sumi Black Trim
Mini,Convertible,1.6
Mercedes-Benz,M-Class,ML 250 CDI
Volvo,S90,D4 Inscription
Audi,A6,35 TFSI
BMW,5-Series,520d M Sport
Kia,Carnival,Limousine 7 STR
Bentley,Continental,GT Coupe
BMW,X7,xDrive40i M Sport (Petrol)
Hyundai,Tucson,GL 2WD AT Petrol
MG,Gloster,Savvy 6 STR 2.0 Twin Turbo 4WD
Toyota,Innova Hycross,VX (O) Hybrid 7 STR
Toyota,Innova Crysta,2.4 GX 7 STR
Mahindra,XUV700,AX 5 Diesel AT 7 STR [2021]
Land Rover,Discovery Sport,HSE Petrol
Hyundai,Grand i10,Magna 1.2 Kappa VTVT [2013-2016]
Mahindra,XUV500,W11
Maruti Suzuki,Swift,VXi
Toyota,Innova Crysta,GX 2.4 7 STR
Volkswagen,Taigun,Topline 1.0 TSI MT
Toyota,Corolla Altis,VL AT Petrol
Hyundai,Elite i20,Sportz 1.2 (O)
Toyota,Corolla Altis,G AT Petrol
Hyundai,Creta,EX 1.5 Petrol [2020-2022]
BMW,6-Series,GT 630d Luxury Line [2018-2019]
BMW,6-Series,GT 630i Luxury Line
Mahindra,XUV500,W6
Maruti Suzuki,Baleno,Sigma 1.2
BMW,5-Series,530i Sport Line
Jeep,Meridian,Limited (O) 4X2 AT [2022]
Maruti Suzuki,Baleno,Zeta 1.2 AT
Mercedes-Benz,GLE,300d 4MATIC LWB [2020-2023]
BMW,5-Series,530d M Sport [2017-2019]
Hyundai,Grand i10 Nios,Magna AMT 1.2 Kappa VTVT
MG,Astor,Savvy 1.5 CVT [2021-2023]
Audi,Q3,40 TFSI Premium Plus
Mahindra,XUV700,AX 7 Petrol AT Luxury Pack 7 STR [2021]
Hyundai,Creta,E 1.5 Diesel [2020-2022]
Audi,A6,Premium Plus 45 TFSI [2019-2024]
Mahindra,XUV300,W8 (O) 1.5 Diesel [2020]
Mercedes-Benz,GLA,200 CDI Sport
Maruti Suzuki,Grand Vitara,Alpha Plus Intelligent Hybrid e-CVT
Ford,Ecosport,Titanium 1.5L TDCi
Mercedes-Benz,GLE,250 d
Toyota,Innova Crysta,2.4 GX 8 STR [2016-2020]
Lexus,LS,500h Ultra Luxury [2018-2020]
Audi,A6,35 TDI Matrix
Maruti Suzuki,DZire,ZXi AGS [2020-2023]
Hyundai,Verna,SX (O) 1.5 Turbo Petrol DCT
Mahindra,Thar,LX Hard Top Petrol AT
MG,Hector Plus,Sharp 1.5 Petrol Turbo Hybrid MT 6-STR
MG,Hector Plus,Sharp 1.5 Petrol Turbo Hybrid MT 6-STR
Maruti Suzuki,Grand Vitara,Alpha Smart Hybrid AT Dual Tone [2023-2025]
Maruti Suzuki,DZire,ZXi Plus AMT
Hyundai,Verna,SX 1.5 Turbo Petrol DCT
Mahindra,Thar,LX Hard Top Petrol AT RWD
Hyundai,Verna,SX (O) 1.5 Turbo Petrol DCT
Mahindra,XUV700,AX7 Luxury Pack 2WD Diesel 2.2L Turbo Automatic 7 STR
Hyundai,Verna,SX (O) 1.0 Turbo DCT
BMW,X1,sDrive20d xLine
Mahindra,Thar,LX Hard Top Diesel MT 4WD
Mahindra,Thar,LX Hard Top Diesel MT 4WD
Mahindra,Thar,LX Hard Top Diesel MT 4WD
Volkswagen,Polo,Highline Plus 1.0L TSI AT
BMW,X1,sDrive20d M Sport
BMW,X1,sDrive20d xLine
Mahindra,Thar,LX Hard Top Diesel MT 4WD
Mahindra,Thar,LX Hard Top Diesel MT 4WD
Kia,Seltos,HTK Plus 1.5 [2019-2020]
Volkswagen,Polo,GT TSI
Mahindra,XUV700,AX 7 Diesel AT 7 STR [2023-2024]
Kia,Sonet,HTX 1.5 Diesel AT [2024-2025]
MG,Astor,Sharp 1.5 CVT Old Generation [2021-2023]
MG,Astor,Savvy 1.3 Turbo AT S Red [2021-2023]
MG,Astor,Sharp 1.5 CVT Old Generation [2021-2023]
Hyundai,Creta,SX 1.6 Petrol
Toyota,Innova Crysta,2.4 ZX 7 STR [2016-2020]
MG,Hector Plus,Select 2.0 Diesel Turbo MT 7-STR
Hyundai,Grand i10,Magna AT 1.2 Kappa VTVT
Honda,City,ZX CVT Petrol [2017-2019]
Volkswagen,Tiguan,AllSpace 2.0 TSI
Maruti Suzuki,Baleno,Zeta 1.2 AT
Volkswagen,Polo,1.0 GT TSI
Toyota,Innova Crysta,2.4 ZX AT 7 STR
Mercedes-Benz,GLA,200 [2021-2023]
Mercedes-Benz,E-Class,E 200
Tata,Tiago,Revotron XZ
Hyundai,Creta,1.6 SX Plus Petrol
Maruti Suzuki,Swift,ZXi Plus Dual Tone [2021-2023]
Maruti Suzuki,Grand Vitara,Alpha Smart Hybrid AT [2022-2023]
Tata,Tiago,Revotron XT [2016-2019]
Mercedes-Benz,E-Class,E 350 d Exclusive [2017-2019]
BMW,X5,xDrive 30d Expedition
Toyota,Fortuner,2.8 4x2 AT [2016-2020]
Toyota,Innova Crysta,2.8 ZX AT 7 STR [2016-2020]
BMW,X3,xDrive20d M Sport
Citroen,C5,Shine Dual Tone
Tata,Nexon,EV XZ Plus Dark Edition
Citroen,C5,Shine Dual Tone
Mercedes-Benz,GLS,350 d
BMW,5-Series,520d M Sport
Volvo,XC40,Inscription
MG,Windsor,EV Essence
Volvo,XC90,D5 AWD
Volvo,XC90,D5 Momentum
Hyundai,Santro,Sportz
MG,Astor,Savvy 1.5 CVT Ivory [2023-2024]
Renault,Kwid,CLIMBER 1.0 AMT Opt [2020-2021]
MG,Astor,Savvy 1.3 Turbo AT S Red [2021-2023]
MG,Hector,Sharp 1.5 DCT Petrol [2019-2020]
Toyota,Fortuner,4x2 2WD Diesel 2.8L Turbo Automatic
Mercedes-Benz,C-Class,C220d Progressive
MG,Gloster,Savvy 6 STR 2.0 Twin Turbo 4WD
Maruti Suzuki,Ignis,Zeta 1.2 AMT
Ford,Endeavour,Titanium Plus 3.2 4x4 AT
Toyota,Innova Crysta,ZX 2.4 AT 7 STR
Mercedes-Benz,E-Class,E 220 d Avantgarde
Maruti Suzuki,Wagon R,VXI AMT
Toyota,Fortuner,3.0 MT
Tata,Tiago,XT [2020-2023]
MG,Gloster,Savvy 7 STR 2.0 Twin Turbo 4WD [2022-2023]
BMW,X7,xDrive40i M Sport (Petrol)
Maruti Suzuki,Wagon R,ZXi 1.2 AMT
MG,Hector,Smart 2.0 Diesel [2019-2020]
BMW,3 Series,Gran Limousine 320Ld M Sport [2023]
Maruti Suzuki,Swift,ZXi
Toyota,Yaris,G CVT [2018-2020]
Land Rover,Range Rover Sport,SDV6 HSE
Tata,Safari,XZA Plus 6S Adventure
Skoda,Octavia,L&K 2.0
Audi,A6,35 TFSI Matrix
Jeep,Wrangler,Unlimited 4x4 Petrol
Land Rover,Range Rover Evoque,SE Dynamic
Toyota,Fortuner,2.8 4x2 AT [2016-2020]
Jeep,Compass,Longitude (O) 2.0 Diesel [2017-2020]
Maruti Suzuki,Swift,ZXi
Skoda,Slavia,Ambition 1.0L TSI AT
MG,Hector,Style 2.0 Diesel
Audi,A5,Sportback 40 TDI
Kia,Seltos,GTX Plus 1.4 DCT
Land Rover,Range Rover Evoque,SE
Toyota,Innova Crysta,2.4 VX 8 STR [2016-2020]
Toyota,Innova Crysta,2.4 VX 8 STR [2016-2020]
MG,Hector,Smart 2.0 Diesel [2019-2020]
Isuzu,MU-X,4x2
Jeep,Compass,Model S (O) 1.4 Petrol DCT [2021]
Skoda,Kodiaq,L&K 2.0 TSI 4X4
Audi,A5,Cabriolet 2.0 TDI
Mahindra,Thar,LX Hard Top Petrol AT 4WD
Mahindra,XUV700,AX7 2WD Petrol 2.0L Turbo Manual 7 STR
Maruti Suzuki,DZire,ZXi Plus AMT
Volkswagen,Virtus,Highline 1.0 TSI AT
Tata,Harrier,XZA Plus
Kia,Sonet,GTX Plus 1.0 Turbo Petrol DCT
Mercedes-Benz,C-Class,C 220d Progressive [2018-2019]
Audi,A6,35 TFSI Matrix
BMW,5-Series,530d M Sport [2013-2017]
MG,Hector,Style 2.0 Diesel Turbo MT
Toyota,Innova Crysta,2.4 VX 8 STR [2016-2020]
Kia,Seltos,GTX Plus 1.4 DCT
Volkswagen,Tiguan,AllSpace 2.0 TSI
Hyundai,Verna,SX (O) 1.0 Turbo DCT
Mercedes-Benz,GLC,220d 4MATIC Progressive
Nissan,Magnite,XE
Maruti Suzuki,Vitara Brezza,ZDi AGS
Land Rover,Range Rover Evoque,SE
Hyundai,Creta,SX 1.5 Petrol
Renault,Triber,RXZ
MG,Astor,Sharp 1.5 CVT Old Generation [2021-2023]
MG,Astor,Sharp 1.5 CVT Old Generation [2021-2023]
MG,Astor,Savvy 1.3 Turbo AT S Red [2021-2023]
Nissan,Magnite,XV Premium Turbo CVT
Mahindra,XUV700,AX 7 Petrol AT Luxury Pack 7 STR [2021]
Mercedes-Benz,EQC,400 4MATIC
MG,Hector,Sharp 1.5 DCT Petrol
Volkswagen,Vento,Highline Diesel AT
Tata,Tiago,XZ Plus [2020-2023]
Nissan,Magnite,XL Turbo [2020]
MG,ZS,EV Exclusive [2020-2021]
Maruti Suzuki,DZire,ZXi Plus AMT
Nissan,Magnite,XL [2020]
Volkswagen,Polo,Highline Plus 1.0 (P) 16 Alloy
Mercedes-Benz,GLS,350 d
Mahindra,XUV700,AX 7 Petrol MT 7 STR [2021]
Maruti Suzuki,Swift,VDi
Toyota,Innova Hycross,ZX (O) Hybrid (Electric + Petrol) Automatic (e-CVT) 7 STR
Tata,Altroz,XZ (O) i-Turbo Petrol
Ford,Ecosport,Ambiente 1.5L Ti-VCT
Maruti Suzuki,DZire,ZXi Plus AMT
Maruti Suzuki,DZire,ZDi
Mahindra,Thar,LX Hard Top Petrol MT 4WD
Mahindra,XUV700,AX7 2WD Petrol 2.0L Turbo Manual 7 STR
Mahindra,Thar,LX Hard Top Petrol AT 4WD
Tata,Tiago,Revotron XZA Plus
Mahindra,Thar,LX Hard Top Diesel AT 4WD [2023]
Hyundai,Elite i20,Sportz 1.5 MT Diesel
Tata,Tiago,XZ Plus [2020-2023]
Maruti Suzuki,Swift,VXi
Maruti Suzuki,Swift,VXi
Tata,Tiago,XZA Plus Dual Tone [2023-2025]
Mercedes-Benz,AMG,A35 Limousine 4MATIC [2021-2023]
Tata,Altroz,XZA Plus (S) Lux Petrol
Nissan,Magnite,XV Premium Turbo (O) [2020-2022]
Renault,Triber,RXZ EASY-R AMT
Toyota,Glanza,V AMT
Tata,Tiago,Revotron XZA Plus
Hyundai,Verna,Fluidic 1.6 VTVT SX
Kia,Seltos,HTK 1.5 [2020-2021]
Maruti Suzuki,Swift,VDi ABS [2014-2017]
Tata,Tiago,Revotron XZ
Maruti Suzuki,Ertiga,ZXi AT
Kia,Carens,Luxury Plus 1.4 Petrol 7 STR
MG,Hector,Smart 2.0 Diesel [2019-2020]
MG,ZS,EV Exclusive
Land Rover,Range Rover Velar,HSE Dynamic 2.0 Petrol
MG,Hector,Sharp 1.5 Petrol CVT
BMW,3-Series,320d Luxury Line
Maruti Suzuki,Swift,VXi
Land Rover,Range Rover Sport,3.0 TDV6
Land Rover,Range Rover,SWB Vogue SE
Audi,A8,L 4.2 FSI quattro
BMW,5-Series,530d M Sport [2017-2019]
Audi,Q7,45 TDI Technology Pack
Mercedes-Benz,GLS,350 d
BMW,5-Series,520d M Sport
BMW,5-Series,520d Luxury Line [2017-2019]
Jaguar,XF,Portfolio Petrol CBU
Ford,Endeavour,Titanium Plus 3.2 4x4 AT
Land Rover,Range Rover Sport,SDV6 SE
Mercedes-Benz,GLC,220d 4MATIC Progressive [2019-2021]
Land Rover,Range Rover Velar,S R-Dynamic 2.0 Diesel
BMW,X1,sDrive20d xLine
Mercedes-Benz,GLE,Coupe 43 AMG 4Matic 2016
BMW,X1,sDrive20d xLine
Toyota,Innova Crysta,2.4 ZX 7 STR [2016-2020]
Mercedes-Benz,GLC,220 d Progressive
Porsche,Cayenne,S Diesel
Tata,Safari,XZA Plus
Mahindra,Thar,LX Hard Top Diesel AT 4WD [2023]
Audi,Q3,35 TDI quattro Technology
Mercedes-Benz,GLE,250 d
BMW,X5,xDrive 30d Expedition
Mercedes-Benz,GLS,400d 4MATIC [2020-2023]
Volvo,S90,D4 Inscription
Isuzu,D-Max,V-Cross V-Cross Z 4x2 AT [2021]
Audi,Q3,35 TDI Premium Plus + Sunroof
Mercedes-Benz,E-Class,E 220 d Avantgarde
BMW,X5,xDrive 30d
MG,Hector,Savvy Pro 1.5 Turbo Petrol CVT [2023]
MG,Astor,Savvy 1.3 Turbo AT S Red [2021-2023]
MG,Astor,Savvy 1.3 Turbo AT S Red [2021-2023]
MG,Hector Plus,Sharp Pro 1.5 Turbo Petrol MT 6 STR [2023]
MG,Gloster,Savvy 6 STR 2.0 Twin Turbo 4WD
MG,Gloster,Savvy 7 STR 2.0 Twin Turbo 4WD
BMW,X4,xDrive30d M Sport X [2019-2020]
Maruti Suzuki,Wagon R,ZXi 1.2 AMT
Ford,Ecosport,Titanium 1.5L Ti-VCT AT
BMW,X1,sDrive20i xLine
Hyundai,Creta,SX 1.6 AT Petrol
Audi,Q5,2.0 TDI quattro
Mercedes-Benz,GL-Class,350 CDI
Kia,EV6,GT Line AWD
Toyota,Innova Crysta,GX 2.4 AT 7 STR
Mercedes-Benz,C-Class,C 220d [2022-2023]
Land Rover,Range Rover Evoque,SE
Mercedes-Benz,GLA,220d 4MATIC
Mercedes-Benz,C-Class,C 200 [2022-2023]
Mercedes-Benz,C-Class,220 BlueEfficiency
Mercedes-Benz,S-Class,S 350d
BMW,X3,xDrive20d
Mercedes-Benz,GLA,220d [2021-2023]
Ford,Endeavour,Titanium 3.2 4x4 AT
Mercedes-Benz,E-Class,E 220 d Avantgarde
Mercedes-Benz,E-Class,4 MATIC
Mercedes-Benz,GLE,250 d
Mercedes-Benz,C-Class,C 220d
Mercedes-Benz,AMG,GLC 43 Coupe 4MATIC
Skoda,Slavia,Ambition 1.5L TSI DSG
Mercedes-Benz,Maybach,GLS 600 4MATIC [2021-2023]
Mercedes-Benz,V-Class,Exclusive LWB [2019-2020]
Audi,Q5,Technology 45 TFSI [2021-2024]
Hyundai,Tucson,GLS 4WD AT Diesel
MG,Hector,Savvy Pro 1.5 Turbo Petrol CVT [2023]
Kia,Seltos,GTX Plus 1.4 [2020-2021]
Kia,Seltos,GTX Plus 1.4 DCT
Kia,Carens,Luxury Plus 1.5 Diesel 7 STR
Mercedes-Benz,GLA,220d [2021-2023]
Mercedes-Benz,E-Class,E 200
Skoda,Kushaq,Style 1.0L TSI MT
Ford,Endeavour,Titanium Plus 3.2 4x4 AT
Skoda,Octavia,L&K 2.0
Kia,Seltos,GTX Plus (S) 1.5 Turbo Petrol DCT [2023-2024]
MG,Hector Plus,Sharp 1.5 DCT Petrol
Ford,Endeavour,Titanium Plus 3.2 4x4 AT
Mercedes-Benz,GLA,200
Mercedes-Benz,GLS,400d 4MATIC [2020-2023]
Mercedes-Benz,E-Class,E 220d Exclusive
Mercedes-Benz,GLA,200 Sport
Hyundai,Verna,SX 1.5 MPi
Hyundai,Elite i20,Sportz 1.2 MT [2020-2023]
Hyundai,Exter,SX 1.2 MT
Audi,Q3,30 TFSI Premium
BMW,3-Series,330Li M Sport [2023]
BMW,3-Series,xDrive
Kia,Sonet,HTX 1.5 [2020-2021]
Hyundai,Creta,SX 1.5 Petrol
Maruti Suzuki,Ciaz,Sigma Hybrid 1.5 [2018-2020]
Kia,Sonet,HTX 1.0 Turbo Petrol iMT
Honda,City,V
Hyundai,Elantra,2.0 SX (O) AT
Kia,Seltos,HTX 1.5 Diesel MT [2024-2025]
MG,Hector,Savvy Pro 1.5 Turbo Petrol CVT [2023]
Kia,Seltos,HTK Plus 1.5 Petrol CVT
Toyota,Innova Crysta,2.4 G 7 STR [2016-2017]
Maruti Suzuki,Swift,VXi [2021-2023]
Audi,A3,35 TDI Premium + Sunroof
BMW,X5,xDrive 30d
Maruti Suzuki,Wagon R,VXi 1.0 [2019-2019]
Skoda,Kushaq,Ambition 1.0L TSI MT
Renault,Kwid,RXT [2015-2019]
Hyundai,Elite i20,Asta (O) 1.0 Turbo DCT [2020-2023]
Kia,Sonet,HTK Plus 1.0 iMT [2020-2021]
Honda,City,ZX CVT Petrol
Hyundai,Grand i10 Nios,Magna 1.2 Kappa VTVT
Maruti Suzuki,DZire,ZXi AGS
Hyundai,Creta,SX (O) 1.5 Petrol CVT [2020-2022]
Honda,Amaze,VX CVT 1.2 Petrol [2021]
Honda,City,ZX Petrol MT [2023-2025]
Skoda,Superb,Elegance TSI AT
Hyundai,Exter,S 1.2 AMT [2023-2025]
Mercedes-Benz,B-class,B180 CDI
Tata,Nexon,Creative Plus (S) 1.2 6AMT Dark Edition
Tata,Nexon,Creative Plus 1.2 Petrol 7DCA Dark Edition [2023-2025]
Volkswagen,Taigun,Topline 1.0 TSI MT (Electric Seats)
Jaguar,XE,Portfolio
Maruti Suzuki,DZire,ZXi Plus AMT
Tata,Altroz,XM (S) Petrol
Hyundai,Aura,S 1.2 Petrol
Renault,Triber,RXT [2019-2020]
Maruti Suzuki,Baleno,Delta 1.2
Renault,Triber,RXL [2019-2020]
Maruti Suzuki,Ciaz,Delta 1.4 AT
Ford,Ecosport,Titanium 1.0 Ecoboost
Maruti Suzuki,DZire,ZXi Plus AGS [2020-2023]
Hyundai,Verna,Fluidic 1.6 VTVT SX
Renault,Triber,RXZ EASY-R AMT
Hyundai,Verna,SX 1.5 MPi
Renault,Kwid,RXL 0.8
Hyundai,Verna,SX (O)1.5 MPi
Maruti Suzuki,Ciaz,Alpha Hybrid 1.5 [2018-2020]
Honda,City,ZX CVT Petrol [2017-2019]
Renault,Kwid,RXL
Honda,City,VX CVT Petrol
Skoda,Rapid,Ambition 1.6 MPI AT
Jeep,Compass,Limited Plus Diesel [2018-2020]
Hyundai,Grand i10 Nios,Sportz AMT 1.2 Kappa VTVT
Maruti Suzuki,Wagon R,VXI
Toyota,Glanza,G
Hyundai,Exter,SX (O) Connect 1.2 MT
Renault,Kiger,RXL MT
Hyundai,Elite i20,Magna 1.2 MT [2020-2023]
Tata,Tiago,Revotron XZ
Renault,Kwid,1.0 RXT [2016-2019]
Mahindra,Scorpio,S11 Diesel Turbo Manual 7 STR
Maruti Suzuki,Celerio,VXi [2017-2019]
Volkswagen,Taigun,Comfortline 1.0 TSI MT
Honda,BR-V,VX Petrol
Skoda,Kushaq,Style 1.0L TSI AT
Mahindra,Scorpio,S5 2WD 7 STR
Honda,Amaze,1.2 VX CVT Petrol [2019-2020]
Honda,City,1.5 S MT
Nissan,Micra,XE Diesel [2013-2016]
Toyota,Innova Crysta,2.4 G 8 STR [2016-2017]
Tata,Tiago,Revotron XTA [2017-2019]
Hyundai,Eon,Magna +
Hyundai,i10,Magna 1.2 Kappa2
Hyundai,Grand i10,Asta 1.2 Kappa VTVT (O) [2013-2017]
Nissan,Sunny,XV D
Toyota,Etios,1.5 V
Kia,Sonet,HTE 1.2 [2020-2021]
Renault,Kwid,CLIMBER 1.0 [2017-2019]
Hyundai,Grand i10 Nios,Corporate Edition MT
Hyundai,Elite i20,Asta 1.2
Hyundai,Venue,SX 1.5 Diesel
Hyundai,Creta,EX 1.5 Petrol [2020-2022]
Maruti Suzuki,Ciaz,ZXI+
Renault,Kwid,CLIMBER 1.0 MT Dual Tone [2024-2025]
Honda,City,V Petrol
Renault,Kwid,CLIMBER 1.0 (O)
Renault,Triber,RXZ EASY-R AMT
Kia,Carens,Luxury Plus 1.5 Turbo Petrol DCT 7 STR [2024-2025]
Hyundai,Venue,S Plus 1.2 Petrol
Hyundai,Verna,SX (O)1.6 VTVT
MG,Hector,Savvy Pro 1.5 Turbo Petrol CVT [2023]
Hyundai,Aura,S 1.2 AMT Petrol
Hyundai,Aura,SX Plus 1.2 AMT Petrol
MG,Hector,Sharp Pro 1.5 Turbo Petrol CVT [2023]
Volkswagen,Taigun,Topline 1.0 TSI MT
Hyundai,Xcent,S 1.2
Ford,Freestyle,Trend 1.2 Ti-VCT [2018-2019]
Hyundai,Grand i10 Nios,Sportz 1.2 Kappa VTVT
Datsun,Redigo,T [2016-2019]
Hyundai,Grand i10,Sportz 1.2 Kappa VTVT [2013-2016]
Hyundai,Grand i10,Asta 1.2 Kappa VTVT
Skoda,Octavia,1.8 TSI L&K
Hyundai,Santro,Magna [2018-2020]
Hyundai,Elite i20,Magna Plus 1.2 [2019-2020]
Tata,Nexon,XZ Plus (O) Diesel
Maruti Suzuki,Alto 800,Lxi (Airbag) [2012-2015]
Hyundai,Grand i10 Nios,Asta AMT 1.2 Kappa VTVT
Renault,Triber,RXT [2019-2020]
Tata,Tiago,XZ Plus [2020-2023]
Hyundai,Grand i10,Sportz 1.2 Kappa VTVT
Tata,Zest,XT Petrol
Volkswagen,Ameo,Highline1.2L (P) [2016-2018]
Maruti Suzuki,Celerio,VXi
Mahindra,XUV500,W7 [2018-2020]
Maruti Suzuki,Wagon R,LXi
Hyundai,Elite i20,Sportz Plus 1.2
Toyota,Glanza,G
Mahindra,XUV300,W8(O) 1.5 Diesel Dual Tone [2020]
Maruti Suzuki,Swift,ZXi
Toyota,Etios,VX
Renault,Kwid,RXT Opt
Tata,Tiago,XZ Plus [2020-2023]
Hyundai,Aura,SX Plus 1.0 Petrol
Hyundai,i10,Magna 1.1 iRDE2 [2010-2017]
Kia,Carens,Luxury Plus 1.4 Petrol 7 STR
Maruti Suzuki,Baleno,Zeta
Maruti Suzuki,S-Cross,Zeta 1.3
Volkswagen,Polo,Comfortline 1.2L (P)
Hyundai,Venue,SX 1.0 Turbo iMT
Renault,Kwid,RXL 0.8
Hyundai,i10,Sportz 1.1 iRDE2 [2010--2017]
Hyundai,Grand i10,Magna 1.2 Kappa VTVT
Honda,City,ZX Petrol
Mahindra,Thar,LX Convertible Diesel AT
Volkswagen,Vento,Highline 1.0L TSI
Maruti Suzuki,Swift,ZXi
Nissan,Magnite,XV [2020]
Hyundai,Xcent,S 1.2 (O)
Datsun,Redigo,T(O) 1.0 [2017-2019]
Tata,Nexon,XZ
Hyundai,Elite i20,Asta 1.4 CRDi
Maruti Suzuki,Swift,ZXi
Tata,Nexon,XZ Plus (O)
Hyundai,i10,Magna 1.1 iRDE2 [2010-2017]
Hyundai,Venue,SX 1.2 Petrol
Volkswagen,Ameo,Highline1.2L (P) [2016-2018]
Hyundai,i20,Active 1.2 S
Hyundai,Grand i10,Magna 1.2 Kappa VTVT
Toyota,Etios,GD SP
Maruti Suzuki,Celerio,ZXi
Tata,Tiago,XZ MT
Honda,City,ZX Petrol MT [2023-2025]
Honda,City,VX Diesel
Tata,Tiago,NRG Petrol
Hyundai,Xcent,E Plus
Honda,City,ZX CVT Petrol [2017-2019]
Nissan,Magnite,XV Premium Dual Tone [2020]
Renault,Captur,RXT Petrol Dual Tone
Hyundai,Eon,Sportz
Maruti Suzuki,Swift,VXi AMT
Hyundai,Elite i20,Asta 1.2
Renault,Triber,RXZ EASY-R AMT
Hyundai,i10,Sportz 1.2 Kappa2
Hyundai,Grand i10,Magna 1.2 Kappa VTVT [2013-2016]
Kia,Seltos,HTK 1.5 [2020-2021]
Hyundai,Elite i20,Asta 1.2 (O) [2019-2020]
Maruti Suzuki,Alto,VXi AMT (Airbag) [2014-2019]
Ford,Ecosport,Titanium 1.5L TDCi
Hyundai,Xcent,S
Maruti Suzuki,Alto 800,Lxi (Airbag) [2012-2015]
Hyundai,Grand i10,Sportz 1.2 Kappa VTVT [2013-2016]
Mahindra,Thar,LX Hard Top Petrol AT 4WD
Hyundai,Grand i10,Magna 1.2 Kappa VTVT [2013-2016]
Hyundai,Eon,Magna +
Maruti Suzuki,S-Presso,VXi
Maruti Suzuki,Celerio,ZXi
Hyundai,Grand i10,Magna 1.2 Kappa VTVT [2013-2016]
Honda,Amaze,1.2 VX i-VTEC
Renault,Kwid,RXT [2015-2019]
Skoda,Superb,Style TDI AT
Tata,Nexon,XZ Plus (HS) Dark Edition
Tata,Tiago,XZA Plus [2020-2023]
Tata,Nexon,XZA Plus (O) Diesel
Skoda,Kushaq,Monte Carlo 1.0L TSI MT
Hyundai,Grand i10,Asta 1.2 Kappa VTVT [2013-2016]
Tata,Nexon,XZ Plus (HS) Dark Edition
Toyota,Corolla Altis,G Petrol
Renault,Kwid,CLIMBER 1.0 AMT [2017-2019]
Maruti Suzuki,Alto,VXi AMT (Airbag) [2014-2019]
Datsun,Redigo,T(O) 1.0
Maruti Suzuki,Alto 800,Vxi
Renault,Kiger,RXT Turbo CVT
Hyundai,Xcent,E Plus CRDi
Kia,Sonet,HTK Plus 1.0 iMT [2020-2021]
Maruti Suzuki,Wagon R,LXi
Volkswagen,Polo,Highline1.5L (D)
Honda,WR-V,VX MT Diesel
Mercedes-Benz,C-Class,C 220 CDI Style
Volvo,S60,D4 R
Renault,Kiger,RXZ Turbo CVT [2024-2025]
Jaguar,XF,Portfolio Diesel
Skoda,Superb,Style TDI AT
Kia,Syros,HTX Plus (O) Diesel 1.5L Turbo Automatic (TC)
Toyota,Yaris,J MT
Maruti Suzuki,Baleno,Delta
Mahindra,KUV100,K8 D 5 STR
Hyundai,Santro,Sportz CNG
Mercedes-Benz,B-class,B 200 Sport CDI
Maruti Suzuki,Alto 800,Lxi (Airbag) [2012-2015]
Hyundai,Venue,SX 1.2 Petrol
Hyundai,Elite i20,Sportz 1.2
Hyundai,Elite i20,Asta 1.2 (O) [2019-2020]
Hyundai,Grand i10,Asta 1.2 Kappa VTVT
Maruti Suzuki,Baleno,Zeta
Maruti Suzuki,Alto 800,Lxi (Airbag) [2012-2015]
Tata,Tiago,XZ Plus [2020-2023]
Audi,Q5,2.0 TDI quattro Premium Plus
Audi,A6,2.0 TDI Premium Plus
Audi,A6,2.0 TDI Premium Plus
Hyundai,Alcazar,Signature (O) 7 Seater 2.0 Petrol AT
Volkswagen,Polo,Highline1.2L (P)
Hyundai,Grand i10,Sportz 1.2 Kappa VTVT
Hyundai,Grand i10 Nios,Sportz 1.2 Kappa VTVT
Hyundai,Eon,Era +
Hyundai,Elite i20,Magna 1.2 [2016-2017]
Volkswagen,Taigun,Highline 1.0 TSI MT
Honda,WR-V,VX MT Petrol
Renault,Duster,RXZ 1.5 Petrol MT [2020-2021]
Hyundai,Creta,SX (O) 1.4 Turbo 7 DCT [2020-2022]
Renault,Kwid,RXL [2015-2019]
Tata,Tiago,XT [2020-2023]
Honda,WR-V,S MT Petrol
Hyundai,Grand i10,Sportz 1.2 Kappa VTVT [2013-2016]
Kia,Seltos,HTX 1.5 [2020-2021]
MG,Hector,Sharp 2.0 Diesel [2019-2020]
Maruti Suzuki,Swift,VXi [2014-2017]
Kia,Sonet,HTX 1.0 iMT [2020-2021]
Mahindra,XUV500,W11
Nissan,Magnite,XV [2020]
Tata,Punch,Creative AMT [2021-2023]
Kia,Seltos,GTX (O) 1.4
Maruti Suzuki,Swift,ZXi Plus AMT Dual Tone [2021-2023]
Maruti Suzuki,Alto,VXi AMT (Airbag) [2014-2019]
Maruti Suzuki,Swift,VXi AMT [2018-2019]
Toyota,Urban Cruiser,Premium Grade AT Dual Tone
MG,Hector Plus,Sharp 1.5 Petrol Turbo Hybrid MT 6-STR
Honda,Amaze,1.2 VX MT Petrol [2018-2020]
Maruti Suzuki,Fronx,Zeta 1.0L Turbo 6 AT
Honda,Brio,E MT
Maruti Suzuki,Wagon R,LXi
Land Rover,Range Rover Velar,S R-Dynamic 2.0 Petrol
Jeep,Compass,Model S (O) Diesel 4x4 AT
Mercedes-Benz,A-Class Limousine,200
Maruti Suzuki,Vitara Brezza,VXi [2023-2025]
Volvo,XC90,Excellence [2016-2020]
Renault,Kwid,CLIMBER 1.0 AMT [2017-2019]
BMW,X1,sDrive20d Expedition
Tata,Nexon,XZ Plus (S) [2022-2023]
Hyundai,Venue,S 1.2 Petrol
Maruti Suzuki,Swift,ZXi Plus [2018-2019]
Maruti Suzuki,Swift,VXi
Maruti Suzuki,Swift,VDi
Mahindra,Thar,LX Hard Top Petrol AT
Maruti Suzuki,DZire,ZXi Plus AMT
Renault,Kwid,1.0 RXT Opt
BMW,X1,sDrive20d xLine
Mahindra,XUV500,W11 AT
Maruti Suzuki,Baleno,Alpha 1.2 AT
BMW,X1,sDrive20d xLine
BMW,X1,xDrive20d xLine
Maruti Suzuki,Baleno,Alpha Automatic
Tata,Nexon,XZA Plus (O)
Maruti Suzuki,Vitara Brezza,VXi
Mahindra,XUV700,AX 7 Petrol AT 7 STR [2023-2024]
BMW,X1,sDrive20d xLine
Mahindra,Thar,LX Hard Top Diesel MT 4WD
BMW,X1,sDrive20d xLine
BMW,5-Series,530d M Sport [2017-2019]
Kia,Seltos,HTX 1.5 [2020-2021]
Maruti Suzuki,DZire,VXi
BMW,X1,sDrive18i M Sport
BMW,3-Series,330i M Sport Edition
Maruti Suzuki,Ciaz,Alpha 1.4 AT
Maruti Suzuki,Celerio,VXi AMT
Toyota,Innova Crysta,GX 2.4 AT 7 STR
BMW,3-Series,320d Luxury Line
Mahindra,Thar,LX Hard Top Petrol AT 4WD
Renault,Kwid,RXT Opt [2015-2019]
Mahindra,XUV500,W6 AT
Ford,Figo,Titanium 1.2 Ti-VCT
Maruti Suzuki,Vitara Brezza,ZDi+ Dual Tone [2017-2018]
Maruti Suzuki,DZire,VXi AMT
Mahindra,Thar,LX Hard Top Diesel AT 4WD [2023]
BMW,X1,sDrive20d xLine
Toyota,Fortuner,4X4 AT 2.8 Diesel
Maruti Suzuki,Swift,VXi [2014-2017]
Ford,Ecosport,Titanium 1.5L Ti-VCT AT
Tata,Harrier,XZA Plus Dark Edition
Maruti Suzuki,Vitara Brezza,ZDi Plus
Maruti Suzuki,Ertiga,ZXi Plus
Volkswagen,Taigun,GT Plus 1.5 TSI DSG
Tata,Harrier,XZA Plus
Mahindra,Thar,LX Hard Top Diesel AT 4WD [2023]
BMW,3-Series,320d Sport Line [2016-2018]
Maruti Suzuki,DZire,VXi
MG,Hector,Sharp 1.5 DCT Petrol Dual Tone
Mahindra,XUV700,AX 7 Diesel AT 7 STR [2023-2024]
Hyundai,Eon,Magna +
Maruti Suzuki,Wagon R,ZXI Plus 1.2 [2023-2025]
BMW,5-Series,530i M Sport
Maruti Suzuki,Wagon R,ZXI Plus 1.2 [2023-2025]
Renault,Duster,110 PS RxZ AWD
Volkswagen,Taigun,Highline 1.0 TSI MT
Hyundai,Verna,SX 1.6 CRDi
Maruti Suzuki,Wagon R,VXI 1.0 CNG
Hyundai,Verna,S Plus 1.5 CRDi
Maruti Suzuki,Baleno,Zeta MT [2022-2023]
Mahindra,XUV500,W6 AT
Jeep,Compass,Limited Plus Diesel [2018-2020]
Kia,Seltos,HTX 1.5 [2020-2021]
Jeep,Compass,Limited 2.0 Diesel [2017-2020]
Maruti Suzuki,Wagon R,VXI AMT
Hyundai,Creta,SX (O) 1.5 Diesel Automatic [2020-2022]
Hyundai,Verna,1.6 VTVT SX (O)
Volkswagen,Polo,Comfortline 1.2L (P)
Kia,Sonet,GTX Plus 1.5 AT [2020-2021]
Hyundai,Elite i20,Asta 1.2 CVT
MG,Hector,Super 2.0 Diesel [2019-2020]
Toyota,Fortuner,4X4 AT 2.8 Diesel
Volkswagen,Polo,GT TSI
Volkswagen,Polo,GT TSI
Hyundai,Creta,SX (O) 1.5 Diesel AT
Hyundai,Elite i20,Sportz 1.2
Hyundai,Elite i20,Sportz 1.2 MT
Kia,Seltos,HTX IVT 1.5 [2019-2020]
Tata,Harrier,XZA
Mercedes-Benz,E-Class,E 220d Expression [2019-2019]
Mercedes-Benz,GLB,200 Progressive Line [2022-2023]
Mercedes-Benz,GLS,350 d
Mercedes-Benz,S-Class,S 350D [2018-2020]
Audi,Q7,3.0 TDI quattro Technology Pack
Mercedes-Benz,GLC,Coupe 300 4MATIC [2020-2023]
Mercedes-Benz,EQS,580 4MATIC
Honda,Brio,VX AT
Honda,Jazz,VX CVT Petrol
Honda,City,V
Skoda,Kushaq,Style 1.0L TSI AT
Skoda,Kushaq,Style 1.5L TSI DSG
Volkswagen,Virtus,GT Plus 1.5 MT
Mercedes-Benz,GLC,220d 4MATIC Progressive
Hyundai,i20 N Line,N8 1.0 Turbo iMT
Volkswagen,Polo,GT TSI
Hyundai,Elite i20,Sportz 1.2 IVT [2020-2023]
Maruti Suzuki,XL6,Alpha AT Petrol
Hyundai,Creta,SX 1.5 Petrol Executive
Jeep,Compass,Limited Plus Petrol AT [2018-2020]
Hyundai,Exter,SX 1.2 MT
Tata,Safari,XZ Plus
BMW,3-Series,320d Sport Line [2016-2018]
BMW,5-Series,520d Luxury Line [2017-2019]
BMW,5-Series,530d M Sport [2017-2019]
Audi,A4,Premium 40 TFSI [2021-2024]
Audi,Q3,35 TDI Premium
Mercedes-Benz,GLC,220d 4MATIC Progressive [2019-2021]
Mercedes-Benz,GLC,220d 4MATIC Progressive
Mini,Countryman,Cooper S [2020-2021]
Land Rover,Range Rover Evoque,HSE
Toyota,Vellfire,Hybrid
Mercedes-Benz,EQS,580 4MATIC
Mercedes-Benz,EQC,400 4MATIC
BMW,5-Series,520d Luxury Line [2017-2019]
BMW,5-Series,520d Luxury Line [2017-2019]
Skoda,Slavia,Ambition 1.0L TSI MT
Mercedes-Benz,E-Class,E 220 d Avantgarde
Volvo,S90,Momentum D4 [2018-2020]
BMW,X5,xDrive 30d
Ford,Ecosport,Titanium 1.5L Ti-VCT
BMW,X4,xDrive30d M Sport X Black Shadow Edition
Honda,City,VX Diesel
MG,Hector Plus,Sharp 1.5 Petrol Turbo CVT 6-STR
Hyundai,i20 N Line,N8 1.0 Turbo DCT
Kia,Seltos,HTX Plus AT 1.5 Diesel [2019-2020]
Maruti Suzuki,Ciaz,ZXi
Skoda,Octavia,L&K 2.0
Hyundai,Grand i10 Nios,Asta AMT 1.2 Kappa VTVT
Hyundai,Grand i10,Sportz 1.2 Kappa VTVT
Maruti Suzuki,S-Presso,VXi Plus (O) AMT [2022-2023]
Hyundai,Creta,SX 1.6 AT Petrol
Mercedes-Benz,GLA,200 Sport
Kia,Carens,Luxury Plus 1.5 Diesel AT 6 STR
Kia,Seltos,HTX IVT 1.5 [2019-2020]
Jeep,Compass,Sport 2.0 Diesel
BMW,X1,sDrive20d xLine
Honda,WR-V,VX MT Petrol
Maruti Suzuki,Baleno,Alpha 1.2
Kia,Seltos,HTK Plus 1.5 [2019-2020]
Toyota,Innova Crysta,2.4 G 7 STR [2016-2017]
Hyundai,Creta,SX (O) 1.4 Turbo 7 DCT [2020-2022]
Hyundai,Elantra,2.0 SX (O) AT
Honda,City,SV CVT
Mahindra,XUV300,W8 (O) 1.2 Petrol AMT
Audi,A6,35 TDI Matrix
Mercedes-Benz,E-Class,E 220 d Avantgarde
